# Blender 4.5.3 LTS
# www.blender.org
o complex
v 0.616140 0.822440 0.116709
v 0.547321 0.875014 0.066709
v 0.301399 0.822441 0.549915
v 0.366898 0.924015 0.266564
v 0.345632 0.881483 0.251113
v 0.350404 0.897729 0.361627
v 0.329138 0.855196 0.346176
v 0.419224 0.845156 0.411627
v 0.397958 0.802624 0.396176
v 0.504537 0.818870 0.366563
v 0.483271 0.776337 0.351113
v 0.521031 0.845156 0.271500
v 0.499764 0.802624 0.256050
v 0.452211 0.897729 0.221501
v 0.430945 0.855196 0.206050
v 0.298287 0.812777 0.542623
v 0.129390 1.014078 -0.215246
v 0.021842 1.014078 -0.250191
v -0.164728 1.014078 -0.189572
v -0.231196 1.014078 -0.098086
v -0.231196 1.014078 0.098086
v -0.164727 1.014078 0.189572
v 0.021842 1.014078 0.250191
v 0.129390 1.014078 0.215246
v 0.244697 1.014078 0.056541
v 0.244697 1.014078 -0.056541
v 0.562767 0.600854 -0.643191
v 0.592492 0.660304 -0.551705
v 0.707798 0.660304 -0.392999
v 0.785620 0.600853 -0.336458
v 0.888754 0.433980 -0.336459
v 0.907125 0.337786 -0.393001
v 0.855560 0.234652 -0.551706
v 0.789092 0.234653 -0.643192
v 0.654089 0.337787 -0.741277
v 0.594638 0.433981 -0.741277
v -0.155043 0.660304 -0.794598
v -0.077221 0.600854 -0.851139
v -0.045353 0.433981 -0.949225
v -0.093451 0.337786 -0.984171
v -0.260323 0.234652 -0.984172
v -0.367870 0.234652 -0.949228
v -0.502872 0.337787 -0.851142
v -0.521244 0.433980 -0.794601
v -0.437807 0.600853 -0.733980
v -0.341613 0.660304 -0.733979
v -0.803622 0.660301 -0.098086
v -0.833347 0.600851 -0.189571
v -0.916785 0.433977 -0.250189
v -0.964883 0.337783 -0.215244
v -1.016450 0.234646 -0.056541
v -1.016450 0.234646 0.056541
v -0.964883 0.337783 0.215244
v -0.916785 0.433977 0.250189
v -0.833347 0.600851 0.189571
v -0.803622 0.660301 0.098086
v -0.341613 0.660304 0.733979
v -0.437807 0.600853 0.733980
v -0.521244 0.433980 0.794601
v -0.502872 0.337787 0.851142
v -0.367870 0.234652 0.949228
v -0.260323 0.234652 0.984172
v -0.093451 0.337786 0.984171
v -0.045353 0.433981 0.949225
v -0.077221 0.600854 0.851139
v -0.155043 0.660304 0.794598
v 0.785620 0.600853 0.336458
v 0.707798 0.660304 0.392999
v 0.592492 0.660304 0.551705
v 0.562767 0.600854 0.643191
v 0.594638 0.433981 0.741277
v 0.654089 0.337787 0.741277
v 0.789092 0.234653 0.643192
v 0.855560 0.234652 0.551706
v 0.907125 0.337786 0.393001
v 0.888754 0.433980 0.336459
v 0.260323 -0.234652 -0.984172
v 0.367870 -0.234652 -0.949228
v 0.502872 -0.337787 -0.851142
v 0.521244 -0.433980 -0.794601
v 0.437807 -0.600853 -0.733980
v 0.341613 -0.660304 -0.733979
v 0.155043 -0.660304 -0.794598
v 0.077221 -0.600854 -0.851139
v 0.045353 -0.433981 -0.949225
v 0.093451 -0.337786 -0.984171
v -0.855560 -0.234652 -0.551706
v -0.789092 -0.234653 -0.643192
v -0.654089 -0.337787 -0.741277
v -0.594638 -0.433981 -0.741277
v -0.562767 -0.600854 -0.643191
v -0.592492 -0.660304 -0.551705
v -0.707798 -0.660304 -0.392999
v -0.785620 -0.600853 -0.336458
v -0.888754 -0.433980 -0.336459
v -0.907125 -0.337786 -0.393001
v -0.789092 -0.234653 0.643192
v -0.855560 -0.234652 0.551706
v -0.907125 -0.337786 0.393001
v -0.888754 -0.433980 0.336459
v -0.785620 -0.600853 0.336458
v -0.707798 -0.660304 0.392999
v -0.592492 -0.660304 0.551705
v -0.562767 -0.600854 0.643191
v -0.594638 -0.433981 0.741277
v -0.654089 -0.337787 0.741277
v 0.367870 -0.234652 0.949228
v 0.260323 -0.234652 0.984172
v 0.093451 -0.337786 0.984171
v 0.045353 -0.433981 0.949225
v 0.077221 -0.600854 0.851139
v 0.155043 -0.660304 0.794598
v 0.341613 -0.660304 0.733979
v 0.437807 -0.600853 0.733980
v 0.521244 -0.433980 0.794601
v 0.502872 -0.337787 0.851142
v 1.016450 -0.234646 -0.056541
v 1.016450 -0.234646 0.056541
v 0.964883 -0.337783 0.215244
v 0.916785 -0.433977 0.250189
v 0.833347 -0.600851 0.189571
v 0.803622 -0.660301 0.098086
v 0.803622 -0.660301 -0.098086
v 0.833347 -0.600851 -0.189571
v 0.916785 -0.433977 -0.250189
v 0.964883 -0.337783 -0.215244
v 0.231196 -1.014078 0.098086
v 0.164727 -1.014078 0.189572
v -0.021842 -1.014078 0.250191
v -0.129390 -1.014078 0.215246
v -0.244697 -1.014078 0.056541
v -0.244697 -1.014078 -0.056541
v -0.129390 -1.014078 -0.215246
v -0.021842 -1.014078 -0.250191
v 0.164728 -1.014078 -0.189572
v 0.231196 -1.014078 -0.098086
v 0.002369 0.996177 -0.310125
v 0.067750 0.968850 -0.370709
v 0.105688 0.875014 -0.541145
v 0.079402 0.822441 -0.622047
v -0.051719 0.729911 -0.738403
v -0.141385 0.708667 -0.752562
v -0.327955 0.708668 -0.691942
v -0.392174 0.729912 -0.627783
v -0.429865 0.822441 -0.456578
v -0.403578 0.875013 -0.375677
v -0.272706 0.968849 -0.260091
v -0.184201 0.996176 -0.249506
v 0.556734 0.708667 -0.525726
v 0.475870 0.729911 -0.566976
v 0.301399 0.822441 -0.549915
v 0.232579 0.875014 -0.499915
v 0.163090 0.968850 -0.339730
v 0.180373 0.996177 -0.252287
v 0.295680 0.996176 -0.093581
v 0.373503 0.968850 -0.050122
v 0.547321 0.875014 -0.066709
v 0.616140 0.822440 -0.116709
v 0.686282 0.729909 -0.277368
v 0.672041 0.708666 -0.367020
v -0.012576 0.610266 -0.846148
v 0.017274 0.677206 -0.788529
v 0.171223 0.752297 -0.688759
v 0.266328 0.752297 -0.657857
v 0.449518 0.677206 -0.648082
v 0.507535 0.610266 -0.677150
v 0.539404 0.443394 -0.775238
v 0.507674 0.372695 -0.827072
v 0.075430 0.372695 -0.967518
v 0.019293 0.443394 -0.944234
v 0.800849 0.610265 -0.273438
v 0.755274 0.677204 -0.227244
v 0.707960 0.752296 -0.049999
v 0.707960 0.752296 0.049999
v 0.755274 0.677204 0.227244
v 0.800849 0.610265 0.273438
v 0.903983 0.443392 0.273438
v 0.943474 0.372693 0.227243
v 0.989480 0.296791 0.049999
v 0.989480 0.296791 -0.049999
v 0.943474 0.372693 -0.227243
v 0.903983 0.443392 -0.273438
v 0.672041 0.708666 0.367020
v 0.686282 0.729909 0.277368
v 0.373503 0.968850 0.050122
v 0.295680 0.996176 0.093581
v 0.180373 0.996177 0.252287
v 0.163090 0.968850 0.339730
v 0.232579 0.875014 0.499915
v 0.475870 0.729911 0.566976
v 0.556734 0.708667 0.525726
v -0.294218 0.996175 -0.098086
v -0.331632 0.968849 -0.178987
v -0.482005 0.875012 -0.267734
v -0.567071 0.822439 -0.267735
v -0.718249 0.729908 -0.178987
v -0.759424 0.708664 -0.098086
v -0.759424 0.708664 0.098086
v -0.718249 0.729908 0.178987
v -0.567071 0.822439 0.267735
v -0.482005 0.875012 0.267734
v -0.331632 0.968849 0.178987
v -0.294218 0.996175 0.098086
v -0.808625 0.610263 -0.249509
v -0.744602 0.677203 -0.260092
v -0.602143 0.752294 -0.375677
v -0.543365 0.752294 -0.456579
v -0.477457 0.677204 -0.627783
v -0.487175 0.610266 -0.691942
v -0.570614 0.443393 -0.752562
v -0.629716 0.372694 -0.738403
v -0.771116 0.296795 -0.622050
v -0.829895 0.296795 -0.541148
v -0.896859 0.372692 -0.370712
v -0.892062 0.443390 -0.310128
v -0.184201 0.996176 0.249506
v -0.272706 0.968849 0.260091
v -0.403578 0.875013 0.375677
v -0.429865 0.822441 0.456578
v -0.392174 0.729912 0.627783
v -0.327955 0.708668 0.691942
v -0.141385 0.708667 0.752562
v -0.051719 0.729911 0.738403
v 0.079402 0.822441 0.622047
v 0.105688 0.875014 0.541145
v 0.067750 0.968850 0.370709
v 0.002369 0.996177 0.310125
v -0.487175 0.610266 0.691942
v -0.477457 0.677205 0.627783
v -0.543365 0.752294 0.456579
v -0.602143 0.752294 0.375677
v -0.744602 0.677203 0.260092
v -0.808625 0.610263 0.249509
v -0.892062 0.443390 0.310128
v -0.896859 0.372692 0.370712
v -0.829895 0.296795 0.541148
v -0.771117 0.296795 0.622050
v -0.629716 0.372694 0.738403
v -0.570614 0.443393 0.752562
v 0.507535 0.610266 0.677151
v 0.449518 0.677206 0.648082
v 0.266328 0.752297 0.657857
v 0.171223 0.752297 0.688759
v 0.017274 0.677206 0.788529
v -0.012576 0.610266 0.846148
v 0.019293 0.443394 0.944234
v 0.075430 0.372695 0.967518
v 0.258216 0.296795 0.956499
v 0.353321 0.296795 0.925598
v 0.507674 0.372695 0.827072
v 0.539404 0.443394 0.775238
v 0.934393 0.284172 -0.367021
v 0.959763 0.287410 -0.277370
v 1.011157 0.183290 -0.116712
v 1.027404 0.098225 -0.066711
v 1.033601 -0.099208 -0.050125
v 1.023239 -0.181036 -0.093584
v 0.971672 -0.284171 -0.252288
v 0.939501 -0.287408 -0.339731
v 0.886647 -0.183290 -0.499915
v 0.870402 -0.098225 -0.549915
v 0.865667 0.099208 -0.566975
v 0.882829 0.181036 -0.525725
v 1.023239 -0.181036 0.093584
v 1.033601 -0.099208 0.050125
v 1.027404 0.098225 0.066711
v 1.011157 0.183290 0.116712
v 0.959763 0.287410 0.277370
v 0.934393 0.284172 0.367021
v 0.882829 0.181036 0.525725
v 0.865667 0.099208 0.566975
v 0.870402 -0.098225 0.549915
v 0.886647 -0.183290 0.499915
v 0.939501 -0.287408 0.339731
v 0.971672 -0.284171 0.252288
v -0.060317 0.284172 -1.002075
v 0.032787 0.287409 -0.998500
v 0.271723 -0.099208 -0.998503
v 0.227188 -0.181036 -1.002077
v 0.060317 -0.284172 -1.002075
v -0.032787 -0.287409 -0.998500
v -0.201463 -0.183290 -0.997733
v -0.254037 -0.098225 -0.997733
v -0.271723 0.099208 -0.998503
v -0.227188 0.181036 -1.002077
v 0.405204 -0.181035 -0.944237
v 0.367074 -0.099208 -0.967521
v 0.560382 0.287409 -0.827073
v 0.637806 0.284171 -0.775240
v 0.772808 0.181035 -0.677156
v 0.806735 0.099208 -0.648088
v 0.791972 -0.098225 -0.657864
v 0.749440 -0.183290 -0.688766
v 0.613428 -0.287407 -0.788534
v 0.540206 -0.284169 -0.846151
v -0.971672 0.284171 -0.252288
v -0.939501 0.287408 -0.339731
v -0.886647 0.183290 -0.499915
v -0.870402 0.098225 -0.549915
v -0.865667 -0.099208 -0.566975
v -0.882829 -0.181036 -0.525725
v -0.934393 -0.284172 -0.367021
v -0.959763 -0.287410 -0.277370
v -1.011157 -0.183290 -0.116712
v -1.027404 -0.098225 -0.066711
v -1.033601 0.099208 -0.050125
v -1.023239 0.181036 -0.093584
v -0.772808 -0.181035 -0.677156
v -0.806735 -0.099208 -0.648088
v -0.791972 0.098225 -0.657864
v -0.749440 0.183290 -0.688766
v -0.613428 0.287407 -0.788534
v -0.540206 0.284169 -0.846151
v -0.405204 0.181035 -0.944237
v -0.367074 0.099208 -0.967521
v -0.380936 -0.098225 -0.956501
v -0.423469 -0.183290 -0.925599
v -0.560382 -0.287409 -0.827073
v -0.637806 -0.284171 -0.775240
v -0.540206 0.284169 0.846151
v -0.613428 0.287407 0.788534
v -0.749440 0.183290 0.688766
v -0.791972 0.098225 0.657864
v -0.806735 -0.099208 0.648088
v -0.772808 -0.181035 0.677156
v -0.637806 -0.284171 0.775240
v -0.560382 -0.287409 0.827073
v -0.423469 -0.183290 0.925599
v -0.380936 -0.098225 0.956501
v -0.367074 0.099208 0.967521
v -0.405204 0.181035 0.944237
v -0.882829 -0.181036 0.525725
v -0.865667 -0.099208 0.566975
v -0.870402 0.098225 0.549915
v -0.886647 0.183290 0.499915
v -0.939501 0.287408 0.339731
v -0.971672 0.284171 0.252288
v -1.023239 0.181036 0.093584
v -1.033601 0.099208 0.050125
v -1.027404 -0.098225 0.066711
v -1.011157 -0.183290 0.116712
v -0.959763 -0.287410 0.277370
v -0.934393 -0.284172 0.367021
v 0.637806 0.284171 0.775240
v 0.560382 0.287409 0.827073
v 0.423469 0.183290 0.925599
v 0.380936 0.098225 0.956501
v 0.367074 -0.099208 0.967521
v 0.405204 -0.181035 0.944237
v 0.540206 -0.284169 0.846151
v 0.613428 -0.287407 0.788534
v 0.749440 -0.183290 0.688766
v 0.791972 -0.098225 0.657864
v 0.806735 0.099208 0.648088
v 0.772808 0.181035 0.677156
v 0.227188 -0.181036 1.002077
v 0.271723 -0.099208 0.998503
v 0.254037 0.098225 0.997733
v 0.201463 0.183290 0.997733
v 0.032787 0.287409 0.998500
v -0.060317 0.284172 1.002076
v -0.227188 0.181036 1.002077
v -0.271723 0.099208 0.998503
v -0.254037 -0.098225 0.997733
v -0.201463 -0.183290 0.997733
v -0.032787 -0.287409 0.998500
v 0.060317 -0.284172 1.002076
v 0.570614 -0.443393 -0.752562
v 0.629716 -0.372694 -0.738403
v 0.771116 -0.296795 -0.622050
v 0.829895 -0.296795 -0.541148
v 0.896859 -0.372692 -0.370712
v 0.892062 -0.443390 -0.310128
v 0.808625 -0.610263 -0.249509
v 0.744602 -0.677203 -0.260092
v 0.602143 -0.752294 -0.375677
v 0.543365 -0.752294 -0.456579
v 0.477457 -0.677204 -0.627783
v 0.487175 -0.610266 -0.691942
v -0.539404 -0.443394 -0.775238
v -0.507674 -0.372695 -0.827072
v -0.353321 -0.296795 -0.925597
v -0.258216 -0.296795 -0.956499
v -0.075430 -0.372695 -0.967518
v -0.019293 -0.443393 -0.944234
v 0.012576 -0.610266 -0.846148
v -0.017274 -0.677206 -0.788529
v -0.171223 -0.752297 -0.688759
v -0.266328 -0.752297 -0.657857
v -0.449518 -0.677206 -0.648082
v -0.507535 -0.610266 -0.677151
v -0.903983 -0.443392 0.273438
v -0.943474 -0.372693 0.227243
v -0.989480 -0.296791 0.049999
v -0.989480 -0.296791 -0.049999
v -0.943474 -0.372693 -0.227243
v -0.903983 -0.443392 -0.273438
v -0.800849 -0.610265 -0.273438
v -0.755274 -0.677204 -0.227244
v -0.707960 -0.752296 -0.049999
v -0.707960 -0.752296 0.049999
v -0.755274 -0.677204 0.227244
v -0.800849 -0.610265 0.273438
v -0.019293 -0.443394 0.944234
v -0.075430 -0.372695 0.967518
v -0.258216 -0.296795 0.956499
v -0.353321 -0.296795 0.925598
v -0.507674 -0.372695 0.827072
v -0.539404 -0.443394 0.775238
v -0.507535 -0.610266 0.677151
v -0.449518 -0.677206 0.648082
v -0.266328 -0.752297 0.657857
v -0.171223 -0.752297 0.688759
v -0.017274 -0.677206 0.788529
v 0.012576 -0.610266 0.846148
v 0.892062 -0.443390 0.310128
v 0.896859 -0.372692 0.370712
v 0.829895 -0.296795 0.541148
v 0.771117 -0.296795 0.622050
v 0.629716 -0.372694 0.738403
v 0.570614 -0.443393 0.752562
v 0.487175 -0.610266 0.691942
v 0.477457 -0.677205 0.627783
v 0.543365 -0.752294 0.456579
v 0.602143 -0.752294 0.375677
v 0.744602 -0.677203 0.260092
v 0.808625 -0.610263 0.249509
v 0.327955 -0.708668 -0.691942
v 0.392174 -0.729912 -0.627783
v 0.429865 -0.822441 -0.456578
v 0.403578 -0.875013 -0.375677
v 0.272706 -0.968849 -0.260091
v 0.184201 -0.996176 -0.249506
v -0.002369 -0.996177 -0.310125
v -0.067750 -0.968850 -0.370709
v -0.105688 -0.875014 -0.541145
v -0.079402 -0.822441 -0.622047
v 0.051719 -0.729911 -0.738403
v 0.141385 -0.708667 -0.752562
v 0.294218 -0.996175 -0.098086
v 0.331632 -0.968849 -0.178987
v 0.482005 -0.875012 -0.267734
v 0.567071 -0.822439 -0.267735
v 0.718249 -0.729908 -0.178987
v 0.759424 -0.708664 -0.098086
v 0.759424 -0.708664 0.098086
v 0.718249 -0.729908 0.178987
v 0.567071 -0.822439 0.267735
v 0.482005 -0.875012 0.267734
v 0.331632 -0.968849 0.178987
v 0.294218 -0.996175 0.098086
v -0.487547 -0.777011 -0.432815
v -0.469575 -0.779006 -0.440492
v -0.356664 -0.838596 -0.429379
v -0.330137 -0.858860 -0.410106
v -0.285328 -0.919756 -0.306630
v -0.492055 -0.858859 -0.187245
v -0.518582 -0.838595 -0.206518
v -0.564044 -0.779004 -0.310468
v -0.672041 -0.708666 0.367020
v -0.686282 -0.729909 0.277368
v -0.616140 -0.822440 0.116709
v -0.547321 -0.875014 0.066709
v -0.373503 -0.968850 0.050122
v -0.295680 -0.996176 0.093581
v -0.180373 -0.996177 0.252287
v -0.163090 -0.968850 0.339730
v -0.232579 -0.875014 0.499915
v -0.301399 -0.822441 0.549915
v -0.475870 -0.729911 0.566976
v -0.556734 -0.708667 0.525726
v 0.141385 -0.708667 0.752562
v 0.051719 -0.729911 0.738403
v -0.079402 -0.822441 0.622047
v -0.105688 -0.875014 0.541145
v -0.067750 -0.968850 0.370709
v -0.002369 -0.996177 0.310125
v 0.184201 -0.996176 0.249506
v 0.272706 -0.968849 0.260091
v 0.403578 -0.875013 0.375677
v 0.429865 -0.822441 0.456578
v 0.392174 -0.729912 0.627783
v 0.327955 -0.708668 0.691942
v 0.125567 0.990185 -0.208961
v 0.021240 0.990185 -0.242859
v -0.159931 0.990185 -0.183993
v -0.224409 0.990185 -0.095247
v -0.224409 0.990185 0.095247
v -0.159931 0.990185 0.183993
v 0.021240 0.990185 0.242859
v 0.125567 0.990185 0.208961
v 0.237538 0.990185 0.054848
v 0.237538 0.990185 -0.054848
v 0.550492 0.585878 -0.627378
v 0.579326 0.643548 -0.538632
v 0.691296 0.643547 -0.384518
v 0.766788 0.585877 -0.329670
v 0.866937 0.423833 -0.329671
v 0.884758 0.330520 -0.384520
v 0.834685 0.230371 -0.538633
v 0.770208 0.230371 -0.627379
v 0.639112 0.330521 -0.722625
v 0.581441 0.423834 -0.722625
v -0.152077 0.643548 -0.776283
v -0.076585 0.585878 -0.831131
v -0.045640 0.423834 -0.926379
v -0.092297 0.330520 -0.960278
v -0.254340 0.230370 -0.960279
v -0.358666 0.230371 -0.926382
v -0.489762 0.330521 -0.831134
v -0.507583 0.423833 -0.776286
v -0.426561 0.585877 -0.717419
v -0.333248 0.643547 -0.717418
v -0.785287 0.643545 -0.095247
v -0.814122 0.585875 -0.183993
v -0.895145 0.423831 -0.242857
v -0.941803 0.330516 -0.208958
v -0.991878 0.230365 -0.054847
v -0.991878 0.230365 0.054847
v -0.941803 0.330516 0.208958
v -0.895145 0.423831 0.242857
v -0.814122 0.585875 0.183993
v -0.785287 0.643545 0.095247
v -0.333248 0.643547 0.717418
v -0.426561 0.585877 0.717419
v -0.507583 0.423833 0.776286
v -0.489762 0.330521 0.831134
v -0.358666 0.230371 0.926382
v -0.254340 0.230370 0.960279
v -0.092297 0.330520 0.960278
v -0.045640 0.423834 0.926379
v -0.076585 0.585878 0.831131
v -0.152077 0.643548 0.776283
v 0.766788 0.585877 0.329670
v 0.691296 0.643547 0.384518
v 0.579327 0.643548 0.538632
v 0.550492 0.585878 0.627378
v 0.581441 0.423834 0.722625
v 0.639112 0.330521 0.722625
v 0.770208 0.230371 0.627379
v 0.834685 0.230371 0.538633
v 0.884758 0.330520 0.384520
v 0.866937 0.423833 0.329671
v 0.254340 -0.230370 -0.960279
v 0.358666 -0.230371 -0.926382
v 0.489762 -0.330521 -0.831134
v 0.507583 -0.423833 -0.776286
v 0.426561 -0.585877 -0.717419
v 0.333248 -0.643547 -0.717418
v 0.152077 -0.643548 -0.776283
v 0.076585 -0.585878 -0.831131
v 0.045640 -0.423834 -0.926379
v 0.092297 -0.330520 -0.960278
v -0.834685 -0.230371 -0.538633
v -0.770208 -0.230371 -0.627379
v -0.639112 -0.330521 -0.722625
v -0.581441 -0.423834 -0.722625
v -0.550492 -0.585878 -0.627378
v -0.579326 -0.643548 -0.538632
v -0.691296 -0.643547 -0.384518
v -0.766788 -0.585877 -0.329670
v -0.866937 -0.423833 -0.329671
v -0.884758 -0.330520 -0.384520
v -0.770208 -0.230371 0.627379
v -0.834685 -0.230371 0.538633
v -0.884758 -0.330520 0.384520
v -0.866937 -0.423833 0.329671
v -0.766788 -0.585877 0.329670
v -0.691296 -0.643547 0.384518
v -0.579327 -0.643548 0.538632
v -0.550492 -0.585878 0.627378
v -0.581441 -0.423834 0.722625
v -0.639112 -0.330521 0.722625
v 0.358666 -0.230371 0.926382
v 0.254340 -0.230370 0.960279
v 0.092297 -0.330520 0.960278
v 0.045640 -0.423834 0.926379
v 0.076585 -0.585878 0.831131
v 0.152077 -0.643548 0.776283
v 0.333248 -0.643547 0.717418
v 0.426561 -0.585877 0.717419
v 0.507583 -0.423833 0.776286
v 0.489762 -0.330521 0.831134
v 0.991878 -0.230365 -0.054847
v 0.991878 -0.230365 0.054847
v 0.941803 -0.330516 0.208958
v 0.895145 -0.423831 0.242857
v 0.814122 -0.585875 0.183993
v 0.785287 -0.643545 0.095247
v 0.785287 -0.643545 -0.095247
v 0.814122 -0.585875 -0.183993
v 0.895145 -0.423831 -0.242857
v 0.941803 -0.330516 -0.208958
v 0.224409 -0.990185 0.095247
v 0.159931 -0.990185 0.183993
v -0.021240 -0.990185 0.242859
v -0.125567 -0.990185 0.208961
v -0.237538 -0.990185 0.054848
v -0.237538 -0.990185 -0.054848
v -0.125567 -0.990185 -0.208961
v -0.021240 -0.990185 -0.242859
v 0.159931 -0.990185 -0.183993
v 0.224409 -0.990185 -0.095247
v 0.001830 0.972277 -0.302811
v 0.064685 0.945901 -0.361279
v 0.101409 0.854200 -0.527975
v 0.075865 0.803112 -0.606591
v -0.052028 0.712473 -0.720492
v -0.138355 0.691906 -0.734263
v -0.319650 0.691907 -0.675356
v -0.381396 0.712474 -0.613474
v -0.417919 0.803112 -0.446153
v -0.392375 0.854198 -0.367537
v -0.264684 0.945900 -0.254263
v -0.179466 0.972276 -0.243906
v 0.543526 0.691906 -0.512703
v 0.465592 0.712473 -0.552304
v 0.295175 0.803112 -0.535332
v 0.228300 0.854200 -0.486745
v 0.160026 0.945901 -0.330300
v 0.176510 0.972277 -0.246053
v 0.288557 0.972276 -0.091834
v 0.363587 0.945901 -0.050122
v 0.533473 0.854199 -0.066709
v 0.600348 0.803111 -0.115297
v 0.669153 0.712471 -0.272127
v 0.655573 0.691904 -0.358483
v -0.011951 0.595342 -0.826101
v 0.016965 0.659767 -0.770618
v 0.167686 0.732968 -0.673303
v 0.260104 0.732968 -0.643274
v 0.439240 0.659767 -0.633410
v 0.495246 0.595342 -0.661300
v 0.526214 0.433187 -0.756614
v 0.495502 0.365172 -0.806572
v 0.344453 0.291314 -0.902875
v 0.252035 0.291314 -0.932903
v 0.073228 0.365172 -0.943778
v 0.019017 0.433187 -0.921414
v 0.781976 0.595341 -0.266649
v 0.738145 0.659766 -0.222002
v 0.692168 0.732967 -0.048587
v 0.692168 0.732967 0.048587
v 0.738145 0.659766 0.222002
v 0.781976 0.595341 0.266649
v 0.882194 0.433186 0.266648
v 0.920216 0.365170 0.222001
v 0.965129 0.291310 0.048586
v 0.965129 0.291310 -0.048586
v 0.920216 0.365170 -0.222001
v 0.882194 0.433186 -0.266648
v 0.655573 0.691904 0.358483
v 0.669153 0.712471 0.272127
v 0.600348 0.803111 0.115297
v 0.533473 0.854199 0.066709
v 0.363587 0.945901 0.050122
v 0.288557 0.972276 0.091834
v 0.176510 0.972277 0.246053
v 0.160026 0.945901 0.330300
v 0.228300 0.854200 0.486745
v 0.295175 0.803112 0.535332
v 0.465592 0.712473 0.552304
v 0.543526 0.691906 0.512703
v -0.287428 0.972275 -0.095313
v -0.323611 0.945899 -0.173159
v -0.470802 0.854198 -0.259595
v -0.553464 0.803110 -0.259595
v -0.701310 0.712470 -0.173159
v -0.741083 0.691902 -0.095313
v -0.741083 0.691902 0.095313
v -0.701310 0.712470 0.173159
v -0.553464 0.803110 0.259595
v -0.470802 0.854198 0.259595
v -0.323611 0.945899 0.173159
v -0.287428 0.972275 0.095313
v -0.789365 0.595340 -0.243908
v -0.727663 0.659765 -0.254264
v -0.588537 0.732965 -0.367538
v -0.531419 0.732965 -0.446153
v -0.466680 0.659766 -0.613474
v -0.475898 0.595342 -0.675356
v -0.556977 0.433187 -0.734262
v -0.613980 0.365172 -0.720492
v -0.752247 0.291314 -0.606594
v -0.809364 0.291314 -0.527978
v -0.874962 0.365169 -0.361282
v -0.870444 0.433184 -0.302814
v -0.179466 0.972276 0.243906
v -0.264684 0.945900 0.254263
v -0.392375 0.854198 0.367537
v -0.417919 0.803112 0.446153
v -0.381396 0.712474 0.613474
v -0.319650 0.691907 0.675356
v -0.138355 0.691906 0.734263
v -0.052028 0.712473 0.720492
v 0.075865 0.803112 0.606591
v 0.101409 0.854200 0.527975
v 0.064685 0.945901 0.361279
v 0.001830 0.972277 0.302811
v -0.475898 0.595342 0.675356
v -0.466680 0.659766 0.613474
v -0.531419 0.732965 0.446153
v -0.588537 0.732965 0.367538
v -0.727663 0.659765 0.254264
v -0.789365 0.595340 0.243908
v -0.870444 0.433184 0.302814
v -0.874962 0.365170 0.361282
v -0.809364 0.291314 0.527978
v -0.752247 0.291314 0.606594
v -0.613980 0.365172 0.720492
v -0.556977 0.433187 0.734262
v 0.495246 0.595342 0.661300
v 0.439240 0.659767 0.633410
v 0.260104 0.732968 0.643274
v 0.167686 0.732968 0.673303
v 0.016965 0.659767 0.770618
v -0.011951 0.595342 0.826101
v 0.019017 0.433187 0.921414
v 0.073228 0.365172 0.943778
v 0.252035 0.291314 0.932903
v 0.344453 0.291314 0.902875
v 0.495502 0.365172 0.806572
v 0.526214 0.433187 0.756614
v 0.912036 0.276939 -0.358484
v 0.936505 0.279887 -0.272128
v 0.986806 0.177809 -0.115299
v 1.002594 0.095147 -0.066711
v 1.008640 -0.097813 -0.050125
v 0.998677 -0.176718 -0.091837
v 0.948567 -0.276938 -0.246054
v 0.917604 -0.279885 -0.330300
v 0.866117 -0.177809 -0.486745
v 0.850330 -0.095147 -0.535332
v 0.845473 0.097813 -0.552303
v 0.861930 0.176718 -0.512701
v 0.998677 -0.176718 0.091837
v 1.008640 -0.097813 0.050125
v 1.002594 0.095147 0.066711
v 0.986806 0.177809 0.115299
v 0.936505 0.279887 0.272128
v 0.912036 0.276939 0.358484
v 0.861930 0.176718 0.512701
v 0.845473 0.097813 0.552303
v 0.850330 -0.095147 0.535332
v 0.866117 -0.177809 0.486745
v 0.917604 -0.279885 0.330300
v 0.948567 -0.276938 0.246054
v -0.059106 0.276938 -0.978175
v 0.030584 0.279886 -0.974761
v 0.195282 0.177808 -0.974137
v 0.246370 0.095147 -0.974138
v 0.264009 -0.097813 -0.974763
v 0.221260 -0.176718 -0.978177
v 0.059106 -0.276938 -0.978175
v -0.030584 -0.279886 -0.974761
v -0.195282 -0.177808 -0.974137
v -0.246370 -0.095147 -0.974138
v -0.264009 0.097813 -0.974763
v -0.221260 0.176718 -0.978177
v 0.395952 -0.176717 -0.921417
v 0.359361 -0.097813 -0.943782
v 0.373269 0.095147 -0.932906
v 0.414601 0.177809 -0.902876
v 0.548210 0.279886 -0.806573
v 0.622778 0.276937 -0.756616
v 0.753964 0.176717 -0.661305
v 0.786541 0.097813 -0.633416
v 0.771901 -0.095147 -0.643282
v 0.730570 -0.177809 -0.673310
v 0.597692 -0.279884 -0.770622
v 0.527138 -0.276936 -0.826104
v -0.948567 0.276938 -0.246054
v -0.917604 0.279885 -0.330300
v -0.866117 0.177809 -0.486745
v -0.850330 0.095147 -0.535332
v -0.845473 -0.097813 -0.552303
v -0.861930 -0.176718 -0.512701
v -0.912036 -0.276939 -0.358484
v -0.936505 -0.279887 -0.272128
v -0.986806 -0.177809 -0.115299
v -1.002594 -0.095147 -0.066711
v -1.008640 0.097813 -0.050125
v -0.998677 0.176718 -0.091837
v -0.753964 -0.176717 -0.661305
v -0.786541 -0.097813 -0.633416
v -0.771901 0.095147 -0.643282
v -0.730570 0.177809 -0.673310
v -0.597692 0.279884 -0.770622
v -0.527138 0.276936 -0.826104
v -0.395952 0.176717 -0.921417
v -0.359361 0.097813 -0.943782
v -0.373269 -0.095147 -0.932906
v -0.414601 -0.177809 -0.902876
v -0.548210 -0.279886 -0.806573
v -0.622778 -0.276937 -0.756616
v -0.527138 0.276936 0.826104
v -0.597692 0.279884 0.770622
v -0.730570 0.177809 0.673310
v -0.771901 0.095147 0.643282
v -0.786541 -0.097813 0.633416
v -0.753964 -0.176717 0.661305
v -0.622778 -0.276937 0.756616
v -0.548210 -0.279886 0.806573
v -0.414601 -0.177809 0.902876
v -0.373269 -0.095147 0.932906
v -0.359361 0.097813 0.943782
v -0.395952 0.176717 0.921417
v -0.861930 -0.176718 0.512701
v -0.845473 -0.097813 0.552303
v -0.850330 0.095147 0.535332
v -0.866117 0.177809 0.486745
v -0.917604 0.279885 0.330300
v -0.948567 0.276938 0.246054
v -0.998677 0.176718 0.091837
v -1.008640 0.097813 0.050125
v -1.002594 -0.095147 0.066711
v -0.986806 -0.177809 0.115299
v -0.936505 -0.279887 0.272128
v -0.912036 -0.276939 0.358484
v 0.622778 0.276937 0.756616
v 0.548210 0.279886 0.806573
v 0.414601 0.177809 0.902876
v 0.373269 0.095147 0.932906
v 0.359361 -0.097813 0.943782
v 0.395952 -0.176717 0.921417
v 0.527138 -0.276936 0.826104
v 0.597692 -0.279884 0.770622
v 0.730570 -0.177809 0.673310
v 0.771901 -0.095147 0.643282
v 0.786541 0.097813 0.633416
v 0.753964 0.176717 0.661305
v 0.221260 -0.176718 0.978177
v 0.264009 -0.097813 0.974763
v 0.246370 0.095147 0.974138
v 0.195282 0.177808 0.974137
v 0.030584 0.279886 0.974761
v -0.059106 0.276938 0.978175
v -0.221260 0.176718 0.978177
v -0.264009 0.097813 0.974763
v -0.246370 -0.095147 0.974138
v -0.195282 -0.177808 0.974137
v -0.030584 -0.279886 0.974761
v 0.059106 -0.276939 0.978175
v 0.556977 -0.433187 -0.734262
v 0.613980 -0.365172 -0.720492
v 0.752247 -0.291314 -0.606594
v 0.809364 -0.291314 -0.527978
v 0.874962 -0.365169 -0.361282
v 0.870444 -0.433184 -0.302814
v 0.789365 -0.595340 -0.243908
v 0.727663 -0.659765 -0.254264
v 0.588537 -0.732965 -0.367538
v 0.531419 -0.732965 -0.446153
v 0.466680 -0.659766 -0.613474
v 0.475898 -0.595342 -0.675356
v -0.526214 -0.433187 -0.756614
v -0.495502 -0.365172 -0.806572
v -0.344453 -0.291314 -0.902875
v -0.252035 -0.291314 -0.932903
v -0.073228 -0.365172 -0.943778
v -0.019017 -0.433187 -0.921414
v 0.011951 -0.595342 -0.826101
v -0.016965 -0.659767 -0.770618
v -0.167686 -0.732968 -0.673303
v -0.260104 -0.732968 -0.643274
v -0.439240 -0.659767 -0.633410
v -0.495246 -0.595342 -0.661300
v -0.882194 -0.433186 0.266648
v -0.920216 -0.365170 0.222001
v -0.965129 -0.291310 0.048586
v -0.965129 -0.291310 -0.048586
v -0.920216 -0.365170 -0.222001
v -0.882194 -0.433186 -0.266648
v -0.781976 -0.595341 -0.266649
v -0.738145 -0.659766 -0.222002
v -0.692168 -0.732967 -0.048587
v -0.692168 -0.732967 0.048587
v -0.738145 -0.659766 0.222002
v -0.781976 -0.595341 0.266649
v -0.019017 -0.433187 0.921414
v -0.073228 -0.365172 0.943778
v -0.252035 -0.291314 0.932903
v -0.344453 -0.291314 0.902875
v -0.495502 -0.365172 0.806572
v -0.526214 -0.433187 0.756614
v -0.495246 -0.595342 0.661300
v -0.439240 -0.659767 0.633410
v -0.260104 -0.732968 0.643274
v -0.167686 -0.732968 0.673303
v -0.016965 -0.659767 0.770618
v 0.011951 -0.595342 0.826101
v 0.870444 -0.433184 0.302814
v 0.874962 -0.365170 0.361282
v 0.809364 -0.291314 0.527978
v 0.752247 -0.291314 0.606594
v 0.613980 -0.365172 0.720492
v 0.556977 -0.433187 0.734262
v 0.475898 -0.595342 0.675356
v 0.466680 -0.659766 0.613474
v 0.531419 -0.732965 0.446153
v 0.588537 -0.732965 0.367538
v 0.727663 -0.659765 0.254264
v 0.789365 -0.595340 0.243908
v 0.319650 -0.691907 -0.675356
v 0.381396 -0.712474 -0.613474
v 0.417919 -0.803112 -0.446153
v 0.392375 -0.854198 -0.367537
v 0.264684 -0.945900 -0.254263
v 0.179466 -0.972276 -0.243906
v -0.001830 -0.972277 -0.302811
v -0.064685 -0.945901 -0.361279
v -0.101409 -0.854200 -0.527975
v -0.075865 -0.803112 -0.606591
v 0.052028 -0.712473 -0.720492
v 0.138355 -0.691906 -0.734263
v 0.287428 -0.972275 -0.095313
v 0.323611 -0.945899 -0.173159
v 0.470802 -0.854198 -0.259595
v 0.553464 -0.803110 -0.259595
v 0.701310 -0.712470 -0.173159
v 0.741083 -0.691902 -0.095313
v 0.741083 -0.691902 0.095313
v 0.701310 -0.712470 0.173159
v 0.553464 -0.803110 0.259595
v 0.470802 -0.854198 0.259595
v 0.323611 -0.945899 0.173159
v 0.287428 -0.972275 0.095313
v -0.543526 -0.691906 -0.512703
v -0.465592 -0.712473 -0.552304
v -0.295175 -0.803112 -0.535332
v -0.228300 -0.854200 -0.486745
v -0.160026 -0.945901 -0.330300
v -0.176510 -0.972277 -0.246053
v -0.288557 -0.972276 -0.091834
v -0.363587 -0.945900 -0.050122
v -0.533473 -0.854199 -0.066709
v -0.600348 -0.803111 -0.115297
v -0.669153 -0.712471 -0.272127
v -0.655573 -0.691904 -0.358483
v -0.655573 -0.691904 0.358483
v -0.669153 -0.712471 0.272127
v -0.600348 -0.803111 0.115297
v -0.533473 -0.854199 0.066709
v -0.363587 -0.945900 0.050122
v -0.288557 -0.972276 0.091834
v -0.176510 -0.972277 0.246053
v -0.160026 -0.945901 0.330300
v -0.228300 -0.854200 0.486745
v -0.295175 -0.803112 0.535332
v -0.465592 -0.712473 0.552304
v -0.543526 -0.691906 0.512703
v 0.138355 -0.691906 0.734263
v 0.052028 -0.712473 0.720492
v -0.075865 -0.803112 0.606591
v -0.101409 -0.854200 0.527975
v -0.064685 -0.945901 0.361279
v -0.001830 -0.972277 0.302811
v 0.179466 -0.972276 0.243906
v 0.264684 -0.945900 0.254263
v 0.392375 -0.854198 0.367537
v 0.417919 -0.803112 0.446153
v 0.381396 -0.712474 0.613474
v 0.319650 -0.691907 0.675356
v -0.672041 -0.708666 -0.367020
v -0.556734 -0.708667 -0.525726
v -0.475870 -0.729911 -0.566976
v -0.301399 -0.822441 -0.549915
v -0.232579 -0.875014 -0.499915
v -0.163090 -0.968850 -0.339730
v -0.180373 -0.996177 -0.252287
v -0.295680 -0.996176 -0.093581
v -0.373503 -0.968850 -0.050122
v -0.547321 -0.875014 -0.066709
v -0.616140 -0.822440 -0.116709
v -0.686282 -0.729909 -0.277368
v 0.550130 0.700286 0.519214
v 0.663807 0.700285 0.362752
v 0.677718 0.721190 0.274748
v 0.608244 0.812776 0.116003
v 0.540397 0.864606 0.066709
v 0.368545 0.957375 0.050122
v 0.292118 0.984226 0.092708
v 0.178441 0.984227 0.249170
v 0.161558 0.957375 0.335015
v 0.230440 0.864607 0.493330
v 0.470731 0.721192 0.559640
v 0.353321 0.296795 -0.925597
v 0.258216 0.296795 -0.956499
v 0.201463 0.183290 -0.997733
v 0.254037 0.098225 -0.997733
v 0.380936 0.098225 -0.956501
v 0.423469 0.183290 -0.925599
v -0.290117 -0.927832 -0.289376
v -0.364866 -0.927832 -0.186493
v -0.379798 -0.919755 -0.176606
v -0.562297 -0.777010 -0.329931
v -0.491801 -0.785518 -0.435905
v -0.473828 -0.787512 -0.443582
v -0.360917 -0.847102 -0.432469
v -0.334391 -0.867366 -0.413196
v -0.289582 -0.928262 -0.309721
v -0.294370 -0.936338 -0.292466
v -0.369119 -0.936338 -0.189583
v -0.384051 -0.928262 -0.179696
v -0.496308 -0.867366 -0.190335
v -0.522835 -0.847101 -0.209608
v -0.568298 -0.787511 -0.313558
v -0.566550 -0.785517 -0.333021
v -0.455156 -0.880957 -0.344521
v -0.468803 -0.881737 -0.323589
v -0.459998 -0.893489 -0.303357
v -0.437545 -0.904461 -0.304056
v -0.423898 -0.903681 -0.324988
v -0.432703 -0.891929 -0.345221
v -0.531714 -1.034074 -0.400144
v -0.545361 -1.034854 -0.379212
v -0.536556 -1.046607 -0.358979
v -0.514104 -1.057579 -0.359679
v -0.500456 -1.056799 -0.380611
v -0.509261 -1.045046 -0.400843
v -0.609724 -1.190948 -0.443428
v -0.605111 -1.181868 -0.453773
v -0.615190 -1.191260 -0.435044
v -0.619160 -1.182452 -0.432829
v -0.609024 -1.199490 -0.420875
v -0.610355 -1.194204 -0.412597
v -0.600030 -1.203885 -0.421156
v -0.587677 -1.205202 -0.413685
v -0.652256 -1.276013 -0.474330
v -0.657723 -1.276326 -0.465945
v -0.651557 -1.284556 -0.451777
v -0.642563 -1.288951 -0.452057
vn -0.8899 0.4553 -0.0285
vn -0.5878 -0.0000 0.8090
vn 0.3021 -0.4553 0.8375
vn 0.8899 -0.4553 0.0285
vn -0.4253 -0.8507 -0.3090
vn 0.5878 -0.0000 -0.8090
vn -0.3021 0.4553 -0.8375
vn 0.4253 0.8507 0.3090
vn -0.6944 -0.2774 0.6640
vn 0.4170 -0.2774 -0.8656
vn -0.4625 -0.8489 -0.2559
vn -0.3863 -0.8489 -0.3608
vn 0.5065 0.8416 0.1877
vn 0.3350 0.8416 0.4237
vn 0.6841 -0.5355 0.4952
vn 0.6824 -0.5355 0.4976
vn -0.6939 0.5159 -0.5023
vn -0.6922 0.5159 -0.5047
vn 0.0844 -0.9619 0.2599
vn -0.5972 -0.6746 0.4339
vn 0.0070 -0.5057 0.8627
vn -0.8183 -0.5057 0.2733
vn -0.5972 -0.6746 -0.4339
vn 0.2733 -0.9619 -0.0000
vn 0.8226 -0.5057 0.2599
vn 0.0844 -0.9619 -0.2599
vn 0.5014 -0.5057 -0.7020
vn -0.5128 -0.5057 -0.6938
vn -0.8705 -0.2325 0.4339
vn -0.9593 0.2325 -0.1606
vn 0.1437 -0.2325 0.9619
vn -0.4492 0.2325 0.8627
vn 0.9593 -0.2325 0.1606
vn 0.6816 0.2325 0.6938
vn 0.4492 -0.2325 -0.8627
vn 0.8705 0.2325 -0.4339
vn -0.6816 -0.2325 -0.6938
vn -0.1437 0.2325 -0.9619
vn -0.5014 0.5057 0.7020
vn 0.5128 0.5057 0.6938
vn 0.8183 0.5057 -0.2733
vn -0.0070 0.5057 -0.8627
vn -0.8226 0.5057 -0.2599
vn -0.2281 0.6746 0.7020
vn -0.2733 0.9619 -0.0000
vn 0.5972 0.6746 0.4339
vn 0.5972 0.6746 -0.4339
vn -0.2281 0.6746 -0.7020
vn 0.2281 -0.6746 0.7020
vn -0.2211 -0.9619 0.1606
vn -0.5128 -0.5057 0.6938
vn -0.8183 -0.5057 -0.2733
vn -0.2211 -0.9619 -0.1606
vn 0.7382 -0.6746 -0.0000
vn 0.5014 -0.5057 0.7020
vn 0.2281 -0.6746 -0.7020
vn 0.8226 -0.5057 -0.2599
vn 0.0070 -0.5057 -0.8627
vn -0.9593 0.2325 0.1606
vn -0.8705 -0.2325 -0.4339
vn -0.1437 0.2325 0.9619
vn -0.6816 -0.2325 0.6938
vn 0.8705 0.2325 0.4339
vn 0.4492 -0.2325 0.8627
vn 0.6816 0.2325 -0.6938
vn 0.9593 -0.2325 -0.1606
vn -0.4492 0.2325 -0.8627
vn 0.1437 -0.2325 -0.9619
vn -0.8226 0.5057 0.2599
vn -0.0070 0.5057 0.8627
vn 0.8183 0.5057 0.2733
vn 0.5128 0.5057 -0.6938
vn -0.5014 0.5057 -0.7020
vn -0.0844 0.9619 0.2599
vn -0.7382 0.6746 -0.0000
vn 0.2211 0.9619 0.1606
vn 0.2211 0.9619 -0.1606
vn -0.0844 0.9619 -0.2599
vn -0.3843 0.8800 -0.2792
vn -0.6152 0.7373 -0.2792
vn -0.4557 0.7373 -0.4988
vn 0.1468 0.8800 -0.4518
vn 0.0755 0.7373 -0.6714
vn 0.3336 0.7373 -0.5875
vn 0.4751 0.8800 -0.0000
vn 0.6618 0.7373 -0.1357
vn 0.6618 0.7373 0.1357
vn 0.1468 0.8800 0.4518
vn 0.3336 0.7373 0.5875
vn 0.0755 0.7373 0.6714
vn -0.3843 0.8800 0.2792
vn -0.4557 0.7373 0.4988
vn -0.6152 0.7373 0.2792
vn -0.8527 0.2622 -0.4518
vn -0.8086 0.0314 -0.5875
vn -0.6932 0.2622 -0.6714
vn 0.1662 0.2622 -0.9506
vn 0.3089 0.0314 -0.9506
vn 0.4243 0.2622 -0.8667
vn 0.9554 0.2622 -0.1357
vn 0.9995 0.0314 -0.0000
vn 0.9554 0.2622 0.1357
vn 0.4243 0.2622 0.8667
vn 0.3089 0.0314 0.9506
vn 0.1662 0.2622 0.9506
vn -0.6932 0.2622 0.6714
vn -0.8086 0.0314 0.5875
vn -0.8527 0.2622 0.4518
vn -0.3089 -0.0314 -0.9506
vn -0.4243 -0.2622 -0.8667
vn -0.1662 -0.2622 -0.9506
vn 0.8086 -0.0314 -0.5875
vn 0.6932 -0.2622 -0.6714
vn 0.8527 -0.2622 -0.4518
vn 0.8086 -0.0314 0.5875
vn 0.8527 -0.2622 0.4518
vn 0.6932 -0.2622 0.6714
vn -0.3089 -0.0314 0.9506
vn -0.1662 -0.2622 0.9506
vn -0.4243 -0.2622 0.8667
vn -0.9995 -0.0314 -0.0000
vn -0.9554 -0.2622 0.1357
vn -0.9554 -0.2622 -0.1357
vn -0.3336 -0.7373 -0.5875
vn -0.1468 -0.8800 -0.4518
vn -0.0755 -0.7373 -0.6714
vn 0.4557 -0.7373 -0.4988
vn 0.3843 -0.8800 -0.2792
vn 0.6152 -0.7373 -0.2792
vn 0.6152 -0.7373 0.2792
vn 0.3843 -0.8800 0.2792
vn 0.4557 -0.7373 0.4988
vn -0.6618 -0.7373 -0.1357
vn -0.6618 -0.7373 0.1357
vn -0.4751 -0.8800 -0.0000
vn -0.0755 -0.7373 0.6714
vn -0.1468 -0.8800 0.4518
vn -0.3336 -0.7373 0.5875
vn 0.2680 -0.9435 0.1947
vn 0.2680 -0.9435 -0.1947
vn -0.1024 -0.9435 -0.3151
vn -0.1024 -0.9435 0.3151
vn -0.3313 -0.9435 -0.0000
vn -0.4713 -0.6617 0.5831
vn -0.5346 -0.3304 0.7779
vn -0.7002 -0.6617 0.2680
vn -0.9050 -0.3304 0.2680
vn -0.8026 -0.1256 0.5831
vn 0.0385 -0.6617 0.7488
vn 0.4089 -0.6617 0.6284
vn 0.5746 -0.3304 0.7488
vn -0.0247 -0.3304 0.9435
vn 0.3066 -0.1256 0.9435
vn 0.7240 -0.6617 0.1947
vn 0.7240 -0.6617 -0.1947
vn 0.8897 -0.3304 -0.3151
vn 0.8897 -0.3304 0.3151
vn 0.9921 -0.1256 -0.0000
vn 0.4089 -0.6617 -0.6284
vn 0.0385 -0.6617 -0.7488
vn -0.0247 -0.3304 -0.9435
vn 0.5746 -0.3304 -0.7488
vn 0.3066 -0.1256 -0.9435
vn -0.7002 -0.6617 -0.2680
vn -0.9050 -0.3304 -0.2680
vn -0.4713 -0.6617 -0.5831
vn -0.5346 -0.3304 -0.7779
vn -0.8026 -0.1256 -0.5831
vn -0.3066 0.1256 0.9435
vn 0.0247 0.3304 0.9435
vn -0.5746 0.3304 0.7488
vn -0.4089 0.6617 0.6284
vn -0.0385 0.6617 0.7488
vn 0.8026 0.1256 0.5831
vn 0.9050 0.3304 0.2680
vn 0.5346 0.3304 0.7779
vn 0.4713 0.6617 0.5831
vn 0.7002 0.6617 0.2680
vn 0.8026 0.1256 -0.5831
vn 0.5346 0.3304 -0.7779
vn 0.9050 0.3304 -0.2680
vn 0.7002 0.6617 -0.2680
vn 0.4713 0.6617 -0.5831
vn -0.3066 0.1256 -0.9435
vn -0.5746 0.3304 -0.7488
vn 0.0247 0.3304 -0.9435
vn -0.0385 0.6617 -0.7488
vn -0.4089 0.6617 -0.6284
vn -0.9921 0.1256 -0.0000
vn -0.8897 0.3304 0.3151
vn -0.7240 0.6617 0.1947
vn -0.8897 0.3304 -0.3151
vn -0.7240 0.6617 -0.1947
vn -0.2680 0.9435 0.1947
vn 0.1024 0.9435 0.3151
vn 0.3313 0.9435 -0.0000
vn 0.1024 0.9435 -0.3151
vn -0.2680 0.9435 -0.1947
vn 0.4911 -0.7947 0.3568
vn -0.1876 -0.7947 0.5773
vn -0.6071 -0.7947 -0.0000
vn -0.9822 -0.1876 -0.0000
vn -0.1876 -0.7947 -0.5773
vn 0.4911 -0.7947 -0.3568
vn 0.7947 -0.1876 0.5773
vn 0.7947 -0.1876 -0.5773
vn -0.3035 -0.1876 -0.9342
vn -0.7947 0.1876 0.5773
vn -0.7947 0.1876 -0.5773
vn 0.3035 0.1876 0.9342
vn 0.9822 0.1876 -0.0000
vn 0.3035 0.1876 -0.9342
vn -0.4911 0.7947 0.3568
vn 0.1876 0.7947 0.5773
vn 0.6071 0.7947 -0.0000
vn 0.1876 0.7947 -0.5773
vn -0.4911 0.7947 -0.3568
vn -0.0845 0.9619 -0.2600
vn 0.5971 0.6747 -0.4338
vn -0.0069 0.5057 -0.8627
vn 0.8183 0.5057 -0.2732
vn 0.5971 0.6747 0.4338
vn -0.2734 0.9619 -0.0000
vn -0.8226 0.5057 -0.2600
vn -0.0845 0.9619 0.2600
vn -0.5015 0.5057 0.7020
vn 0.5127 0.5057 0.6938
vn 0.8705 0.2324 -0.4338
vn 0.9593 -0.2324 0.1607
vn -0.1436 0.2324 -0.9620
vn 0.4492 -0.2324 -0.8627
vn -0.9593 0.2324 -0.1607
vn -0.6816 -0.2324 -0.6938
vn -0.4492 0.2324 0.8627
vn -0.8705 -0.2324 0.4338
vn 0.6816 0.2324 0.6938
vn 0.1436 -0.2324 0.9620
vn 0.5015 -0.5057 -0.7020
vn -0.5127 -0.5057 -0.6938
vn -0.8183 -0.5057 0.2732
vn 0.0069 -0.5057 0.8627
vn 0.8226 -0.5057 0.2600
vn 0.2281 -0.6747 -0.7020
vn 0.2734 -0.9619 -0.0000
vn -0.5971 -0.6747 -0.4338
vn -0.5971 -0.6747 0.4338
vn 0.2281 -0.6747 0.7020
vn -0.2281 0.6747 -0.7020
vn 0.2212 0.9619 -0.1607
vn 0.5127 0.5057 -0.6938
vn 0.8183 0.5057 0.2732
vn 0.2212 0.9619 0.1607
vn -0.7381 0.6747 -0.0000
vn -0.5015 0.5057 -0.7020
vn -0.2281 0.6747 0.7020
vn -0.8226 0.5057 0.2600
vn -0.0069 0.5057 0.8627
vn 0.9593 -0.2324 -0.1607
vn 0.8705 0.2324 0.4338
vn 0.1436 -0.2324 -0.9620
vn 0.6816 0.2324 -0.6938
vn -0.8705 -0.2324 -0.4338
vn -0.4492 0.2324 -0.8627
vn -0.6816 -0.2324 0.6938
vn -0.9593 0.2324 0.1607
vn 0.4492 -0.2324 0.8627
vn -0.1436 0.2324 0.9620
vn 0.8226 -0.5057 -0.2600
vn 0.0069 -0.5057 -0.8627
vn -0.8183 -0.5057 -0.2732
vn -0.5127 -0.5057 0.6938
vn 0.5015 -0.5057 0.7020
vn 0.0845 -0.9619 -0.2600
vn 0.7381 -0.6747 -0.0000
vn -0.2212 -0.9619 -0.1607
vn -0.2212 -0.9619 0.1607
vn 0.0845 -0.9619 0.2600
vn 0.4556 -0.7373 0.4988
vn -0.0754 -0.7373 0.6714
vn -0.4750 -0.8800 -0.0000
vn -0.0754 -0.7373 -0.6714
vn 0.4556 -0.7373 -0.4988
vn 0.8527 -0.2623 0.4518
vn 0.8086 -0.0313 0.5875
vn 0.6932 -0.2623 0.6714
vn -0.1661 -0.2623 0.9506
vn -0.3089 -0.0313 0.9506
vn -0.4243 -0.2623 0.8667
vn -0.9554 -0.2623 0.1357
vn -0.9995 -0.0313 -0.0000
vn -0.9554 -0.2623 -0.1357
vn -0.4243 -0.2623 -0.8667
vn -0.3089 -0.0313 -0.9506
vn -0.1661 -0.2623 -0.9506
vn 0.6932 -0.2623 -0.6714
vn 0.8086 -0.0313 -0.5875
vn 0.8527 -0.2623 -0.4518
vn 0.3089 0.0313 0.9506
vn 0.4243 0.2623 0.8667
vn 0.1661 0.2623 0.9506
vn -0.8086 0.0313 0.5875
vn -0.6932 0.2623 0.6714
vn -0.8527 0.2623 0.4518
vn -0.8086 0.0313 -0.5875
vn -0.8527 0.2623 -0.4518
vn -0.6932 0.2623 -0.6714
vn 0.3089 0.0313 -0.9506
vn 0.1661 0.2623 -0.9506
vn 0.4243 0.2623 -0.8667
vn 0.9995 0.0313 -0.0000
vn 0.9554 0.2623 -0.1357
vn 0.9554 0.2623 0.1357
vn 0.0754 0.7373 0.6714
vn -0.4556 0.7373 0.4988
vn -0.4556 0.7373 -0.4988
vn 0.4750 0.8800 -0.0000
vn 0.0754 0.7373 -0.6714
vn -0.2682 0.9435 -0.1948
vn -0.2682 0.9435 0.1948
vn 0.1024 0.9435 0.3152
vn 0.1024 0.9435 -0.3152
vn 0.3315 0.9435 -0.0000
vn 0.4712 0.6618 -0.5831
vn 0.5345 0.3303 -0.7780
vn 0.7002 0.6618 -0.2679
vn 0.9051 0.3303 -0.2679
vn 0.8026 0.1255 -0.5831
vn -0.0384 0.6618 -0.7487
vn -0.4090 0.6618 -0.6283
vn -0.5747 0.3303 -0.7487
vn 0.0249 0.3303 -0.9435
vn -0.3066 0.1255 -0.9435
vn -0.7239 0.6618 -0.1948
vn -0.7239 0.6618 0.1948
vn -0.8897 0.3303 0.3152
vn -0.8897 0.3303 -0.3152
vn -0.9921 0.1255 -0.0000
vn -0.4090 0.6618 0.6283
vn -0.0384 0.6618 0.7487
vn 0.0249 0.3303 0.9435
vn -0.5747 0.3303 0.7487
vn -0.3066 0.1255 0.9435
vn 0.7002 0.6618 0.2679
vn 0.9051 0.3303 0.2679
vn 0.4712 0.6618 0.5831
vn 0.5345 0.3303 0.7780
vn 0.8026 0.1255 0.5831
vn 0.3066 -0.1255 -0.9435
vn -0.0249 -0.3303 -0.9435
vn 0.5747 -0.3303 -0.7487
vn 0.4090 -0.6618 -0.6283
vn 0.0384 -0.6618 -0.7487
vn -0.8026 -0.1255 -0.5831
vn -0.9051 -0.3303 -0.2679
vn -0.5345 -0.3303 -0.7780
vn -0.4712 -0.6618 -0.5831
vn -0.7002 -0.6618 -0.2679
vn -0.8026 -0.1255 0.5831
vn -0.5345 -0.3303 0.7780
vn -0.9051 -0.3303 0.2679
vn -0.7002 -0.6618 0.2679
vn -0.4712 -0.6618 0.5831
vn 0.3066 -0.1255 0.9435
vn 0.5747 -0.3303 0.7487
vn -0.0249 -0.3303 0.9435
vn 0.0384 -0.6618 0.7487
vn 0.4090 -0.6618 0.6283
vn 0.9921 -0.1255 -0.0000
vn 0.8897 -0.3303 -0.3152
vn 0.7239 -0.6618 -0.1948
vn 0.8897 -0.3303 0.3152
vn 0.7239 -0.6618 0.1948
vn 0.2682 -0.9435 -0.1948
vn -0.1024 -0.9435 -0.3152
vn -0.3315 -0.9435 -0.0000
vn -0.1024 -0.9435 0.3152
vn 0.2682 -0.9435 0.1948
vn -0.3035 -0.1876 0.9342
vn -0.8343 0.4659 -0.2948
vn 0.6411 0.2404 0.7289
vn -0.9468 -0.0846 -0.3106
vn 0.8430 -0.1437 0.5183
vn -0.8041 -0.4970 -0.3261
vn 0.7921 -0.5503 0.2641
vn -0.4991 -0.8090 -0.3106
vn 0.4614 -0.8862 -0.0420
vn 0.0436 -0.9546 -0.2948
vn 0.0679 -0.9756 -0.2089
vn -0.7535 0.1437 -0.6416
vn -0.3486 -0.8862 -0.3052
vn -0.4959 0.5503 -0.6717
vn -0.7960 -0.5503 -0.2519
vn -0.1026 0.8862 -0.4518
vn -0.2324 -0.1437 -0.9619
vn 0.1777 0.9756 -0.1291
vn -0.4951 0.2404 -0.8349
vn 0.3980 0.8862 0.2372
vn -0.7110 0.5596 -0.4258
vn 0.4856 0.5503 0.6792
vn -0.7744 0.6327 -0.0000
vn 0.3774 0.1437 0.9149
vn -0.7110 0.5596 0.4258
vn 0.0902 -0.2404 0.9665
vn -0.4951 0.2404 0.8349
vn -0.3249 -0.5596 0.7624
vn -0.2324 -0.1437 0.9619
vn -0.6265 -0.6327 0.4552
vn -0.0064 -0.5503 0.8349
vn -0.8255 -0.5596 0.0735
vn 0.1825 -0.8862 0.4258
vn -0.8913 -0.2404 -0.3845
vn 0.2196 -0.9756 -0.0000
vn -0.8430 0.1437 0.5183
vn 0.1825 -0.8862 -0.4258
vn -0.7921 0.5503 0.2641
vn -0.0064 -0.5503 -0.8349
vn -0.4614 0.8862 -0.0420
vn 0.5458 -0.7382 0.3965
vn -0.0679 0.9756 -0.2089
vn 0.7225 -0.6896 -0.0501
vn 0.3486 0.8862 -0.3052
vn 0.6603 -0.4879 -0.5710
vn 0.7960 0.5503 -0.2519
vn 0.9867 0.1437 -0.0762
vn 0.0748 -0.0406 -0.9964
vn 0.9470 -0.2404 0.2129
vn -0.4264 0.1881 -0.8848
vn 0.6247 -0.5596 0.5446
vn -0.7782 0.2733 -0.5654
vn 0.2393 -0.6327 0.7365
vn -0.9732 0.1881 -0.1321
vn -0.1852 -0.5596 0.8078
vn -0.9245 -0.0406 0.3790
vn -0.6411 -0.2404 0.7289
vn -0.6943 -0.2774 0.6640
vn 0.2324 0.1437 0.9619
vn -0.3390 -0.4879 0.8044
vn 0.0064 0.5503 0.8349
vn 0.1756 -0.6896 0.7026
vn -0.1825 0.8862 0.4258
vn 0.9619 0.2733 -0.0000
vn -0.2196 0.9756 -0.0000
vn 0.8652 0.1882 -0.4648
vn -0.1825 0.8862 -0.4258
vn 0.5255 -0.0404 -0.8498
vn 0.0064 0.5503 -0.8349
vn 0.1714 -0.2774 -0.9453
vn 0.2324 0.1437 -0.9619
vn -0.1989 -0.4881 -0.8498
vn 0.4951 -0.2404 -0.8349
vn -0.5553 -0.6897 -0.4648
vn 0.7110 -0.5596 -0.4258
vn -0.6746 -0.7382 -0.0000
vn 0.7744 -0.6327 -0.0000
vn -0.5553 -0.6897 0.4648
vn 0.7110 -0.5596 0.4258
vn -0.1989 -0.4881 0.8498
vn 0.4951 -0.2404 0.8349
vn 0.1714 -0.2774 0.9453
vn 0.9867 0.1437 0.0762
vn 0.5255 -0.0404 0.8498
vn 0.7960 0.5503 0.2519
vn 0.8652 0.1882 0.4648
vn 0.3486 0.8862 0.3052
vn -0.3774 -0.1437 0.9149
vn -0.0679 0.9756 0.2089
vn -0.0902 0.2404 0.9665
vn -0.4614 0.8862 0.0420
vn 0.3249 0.5596 0.7624
vn -0.7921 0.5503 -0.2641
vn 0.6265 0.6327 0.4552
vn -0.8430 0.1437 -0.5183
vn 0.8255 0.5596 0.0735
vn -0.6411 -0.2404 -0.7289
vn 0.8913 0.2404 -0.3845
vn -0.1852 -0.5596 -0.8078
vn 0.7535 -0.1437 -0.6416
vn 0.2393 -0.6327 -0.7365
vn 0.4959 -0.5503 -0.6717
vn 0.6247 -0.5596 -0.5446
vn 0.1026 -0.8862 -0.4518
vn 0.9470 -0.2404 -0.2129
vn -0.1777 -0.9756 -0.1291
vn 0.3773 0.1437 -0.9149
vn -0.3980 -0.8862 0.2372
vn 0.4856 0.5503 -0.6792
vn -0.4856 -0.5503 0.6792
vn 0.3980 0.8862 -0.2372
vn 0.2972 0.2733 -0.9149
vn 0.1777 0.9756 0.1291
vn -0.1747 0.1882 -0.9665
vn -0.1026 0.8862 0.4518
vn -0.6458 -0.0404 -0.7624
vn 0.7782 -0.2733 -0.5654
vn -0.4959 0.5503 0.6717
vn -0.8461 -0.2774 -0.4552
vn 0.2960 -0.2870 -0.9110
vn -0.7535 0.1437 0.6416
vn -0.8697 -0.4881 -0.0734
vn -0.2973 -0.2733 -0.9149
vn -0.8913 -0.2404 0.3845
vn -0.6136 -0.6897 0.3845
vn -0.7750 -0.2870 -0.5631
vn -0.8255 -0.5596 -0.0735
vn -0.2085 -0.7382 0.6416
vn -0.9619 -0.2733 -0.0000
vn -0.6265 -0.6327 -0.4552
vn 0.2705 -0.6897 0.6717
vn -0.7750 -0.2870 0.5631
vn -0.3249 -0.5596 -0.7624
vn 0.7468 -0.4881 0.4518
vn -0.2973 -0.2733 0.9149
vn 0.0902 -0.2404 -0.9665
vn 0.9520 -0.2774 0.1291
vn 0.2960 -0.2870 0.9110
vn 0.2085 0.7382 -0.6416
vn 0.9706 -0.0404 -0.2372
vn 0.7782 -0.2733 0.5654
vn 0.6136 0.6897 -0.3845
vn 0.7094 0.1882 -0.6792
vn 0.9579 -0.2870 -0.0000
vn 0.8697 0.4881 0.0734
vn 0.7535 -0.1437 0.6416
vn 0.8461 0.2774 0.4552
vn 0.8913 0.2404 0.3845
vn -0.8190 0.5648 -0.1009
vn 0.6458 0.0404 0.7624
vn 0.8255 0.5596 -0.0735
vn -0.5458 0.7382 0.3965
vn 0.1747 -0.1882 0.9665
vn 0.6265 0.6327 -0.4552
vn -0.1571 0.5648 0.8101
vn -0.2972 -0.2733 0.9149
vn 0.3249 0.5596 -0.7624
vn 0.2325 0.1437 0.9619
vn -0.7094 -0.1882 0.6792
vn -0.0902 0.2404 -0.9665
vn 0.4349 -0.3931 0.8101
vn -0.9706 0.0404 0.2372
vn -0.3773 -0.1437 -0.9149
vn 0.4162 -0.8183 0.3965
vn -0.9520 0.2774 -0.1291
vn -0.4856 -0.5503 -0.6792
vn 0.1389 -0.9852 -0.1009
vn -0.7468 0.4881 -0.4518
vn -0.3980 -0.8862 -0.2372
vn -0.2485 -0.8183 -0.5183
vn -0.2705 0.6897 -0.6717
vn -0.1777 -0.9756 0.1291
vn -0.6361 -0.3931 -0.6640
vn 0.1026 -0.8862 0.4518
vn 0.2085 0.7382 0.6416
vn -0.8652 -0.1882 -0.4648
vn 0.4959 -0.5503 0.6717
vn 0.7219 0.5648 0.3998
vn -0.5255 0.0404 -0.8498
vn 0.8430 -0.1437 -0.5183
vn -0.1714 0.2774 -0.9453
vn 0.6411 0.2404 -0.7289
vn 0.9049 -0.3931 -0.1633
vn 0.1989 0.4881 -0.8498
vn 0.1852 0.5596 -0.8078
vn 0.5057 -0.8183 -0.2733
vn 0.5553 0.6897 -0.4648
vn -0.2393 0.6327 -0.7365
vn -0.0531 -0.9852 -0.1633
vn 0.6746 0.7382 -0.0000
vn -0.6247 0.5596 -0.5446
vn -0.5698 -0.8183 0.0762
vn 0.5553 0.6897 0.4648
vn -0.9470 0.2404 -0.2129
vn -0.8280 -0.3931 0.3998
vn 0.1989 0.4881 0.8498
vn -0.9867 -0.1437 0.0762
vn -0.1714 0.2774 0.9453
vn -0.7960 -0.5503 0.2519
vn -0.3491 0.5648 0.7478
vn -0.5255 0.0404 0.8498
vn -0.3486 -0.8862 0.3052
vn -0.8652 -0.1882 0.4648
vn 0.0679 -0.9756 0.2089
vn 0.6033 0.5648 -0.5630
vn -0.5458 0.7382 -0.3965
vn 0.4614 -0.8862 0.0420
vn -0.1760 0.6897 -0.7024
vn 0.7921 -0.5503 -0.2641
vn 0.1244 -0.3931 -0.9110
vn 0.3386 0.4881 -0.8044
vn -0.4162 0.8183 -0.3965
vn -0.1036 -0.8183 -0.5654
vn 0.6943 0.2774 -0.6640
vn -0.2938 0.9546 0.0496
vn -0.1717 -0.9852 -0.0000
vn 0.9247 0.0404 -0.3786
vn -0.1412 0.8090 0.5706
vn -0.1036 -0.8183 0.5654
vn 0.9731 -0.1882 0.1325
vn -0.0617 0.4970 0.8656
vn 0.1244 -0.3931 0.9110
vn -0.0029 0.0846 0.9964
vn 0.3773 0.1437 0.9149
vn 0.4268 -0.1882 0.8846
vn -0.0225 -0.4659 0.8846
vn 0.6033 0.5648 0.5630
vn -0.0744 0.0404 0.9964
vn -0.4170 0.2774 0.8656
vn -0.2669 -0.9546 0.1325
vn -0.3491 0.5648 -0.7478
vn -0.6604 0.4881 0.5706
vn -0.4496 -0.8090 -0.3786
vn -0.7224 0.6897 0.0496
vn -0.5586 -0.4970 -0.6640
vn -0.8280 -0.3931 -0.3998
vn -0.5880 -0.0846 -0.8044
vn -0.5698 -0.8183 -0.0762
vn -0.7224 0.6897 -0.0496
vn -0.5382 0.4659 -0.7024
vn -0.0531 -0.9852 0.1633
vn -0.6604 0.4881 -0.5706
vn 0.5057 -0.8183 0.2733
vn -0.4170 0.2774 -0.8656
vn -0.0225 -0.4659 -0.8846
vn 0.9049 -0.3931 0.1633
vn -0.0744 0.0404 -0.9964
vn -0.0029 0.0846 -0.9964
vn 0.4268 -0.1882 -0.8846
vn -0.0617 0.4970 -0.8656
vn 0.7219 0.5648 -0.3998
vn -0.1412 0.8090 -0.5706
vn 0.2325 0.1437 -0.9619
vn 0.9731 -0.1882 -0.1325
vn -0.2938 0.9546 -0.0496
vn -0.1571 0.5648 -0.8101
vn 0.9247 0.0404 0.3786
vn -0.4162 0.8183 0.3965
vn 0.6943 0.2774 0.6640
vn -0.5382 0.4659 0.7024
vn -0.8190 0.5648 0.1009
vn 0.3386 0.4881 0.8044
vn -0.5880 -0.0846 0.8044
vn -0.1760 0.6897 0.7024
vn -0.5586 -0.4970 0.6640
vn -0.6361 -0.3931 0.6640
vn -0.4496 -0.8090 0.3786
vn -0.2485 -0.8183 0.5183
vn -0.2705 0.6897 0.6717
vn -0.2669 -0.9546 -0.1325
vn 0.1389 -0.9852 0.1009
vn -0.7468 0.4881 0.4518
vn -0.5057 0.8183 0.2733
vn 0.4162 -0.8183 -0.3965
vn -0.9520 0.2774 0.1291
vn -0.0436 0.9546 0.2948
vn 0.4349 -0.3931 -0.8101
vn -0.9706 0.0404 -0.2372
vn 0.4991 0.8090 0.3106
vn -0.5057 0.8183 -0.2733
vn -0.7094 -0.1882 -0.6792
vn 0.8041 0.4970 0.3261
vn 0.0531 0.9852 -0.1633
vn -0.2972 -0.2733 -0.9149
vn 0.9468 0.0846 0.3106
vn 0.5698 0.8183 0.0762
vn 0.1747 -0.1882 -0.9665
vn 0.8343 -0.4659 0.2948
vn 0.8280 0.3931 0.3998
vn 0.6458 0.0404 -0.7624
vn 0.8461 0.2774 -0.4552
vn 0.0436 -0.9546 0.2948
vn 0.3491 -0.5648 0.7478
vn 0.8697 0.4881 -0.0734
vn -0.4991 -0.8090 0.3106
vn 0.6136 0.6897 0.3845
vn -0.8041 -0.4970 0.3261
vn -0.7219 -0.5648 0.3998
vn -0.9468 -0.0846 0.3106
vn -0.8343 0.4659 0.2948
vn -0.9049 0.3931 -0.1633
vn -0.8482 -0.4659 -0.2519
vn -0.1389 0.9852 -0.1009
vn -0.9485 0.0846 -0.3052
vn 0.2485 0.8183 -0.5183
vn -0.8422 0.4970 -0.2088
vn 0.6361 0.3931 -0.6640
vn -0.5863 0.8090 -0.0420
vn -0.1380 0.9546 0.2641
vn 0.8190 -0.5648 -0.1009
vn 0.2485 0.8183 0.5183
vn 0.5017 0.4659 0.7289
vn 0.1571 -0.5648 0.8101
vn 0.5834 -0.0846 0.8078
vn -0.2325 -0.1437 0.9619
vn 0.4589 -0.4970 0.7365
vn -0.4349 0.3931 0.8101
vn 0.2212 -0.8090 0.5446
vn -0.2085 -0.9546 0.2129
vn -0.1389 0.9852 0.1009
vn 0.1036 0.8183 0.5654
vn 0.2669 0.9546 0.1325
vn -0.4349 0.3931 -0.8101
vn 0.4496 0.8090 -0.3786
vn -0.2325 -0.1437 -0.9619
vn 0.5586 0.4970 -0.6640
vn 0.1571 -0.5648 -0.8101
vn 0.5880 0.0846 -0.8044
vn 0.5458 -0.7382 -0.3965
vn 0.5382 -0.4659 -0.7024
vn 0.8190 -0.5648 0.1009
vn 0.2938 -0.9546 0.0496
vn 0.6361 0.3931 0.6640
vn 0.1412 -0.8090 0.5706
vn 0.5698 0.8183 -0.0762
vn 0.0617 -0.4970 0.8656
vn 0.0531 0.9852 0.1633
vn 0.0029 -0.0846 0.9964
vn 0.0225 0.4659 0.8846
vn -0.9049 0.3931 0.1633
vn -0.9867 -0.1437 -0.0762
vn -0.5017 -0.4659 0.7289
vn -0.7219 -0.5648 -0.3998
vn -0.5834 0.0846 0.8078
vn -0.2085 -0.7382 -0.6416
vn -0.4589 0.4970 0.7365
vn 0.3491 -0.5648 -0.7478
vn -0.2212 0.8090 0.5446
vn 0.2085 0.9546 0.2129
vn 0.8280 0.3931 -0.3998
vn 0.1036 0.8183 -0.5654
vn 0.8482 0.4659 -0.2519
vn 0.1717 0.9852 -0.0000
vn 0.9485 -0.0846 -0.3052
vn 0.8422 -0.4970 -0.2088
vn -0.1244 0.3931 0.9110
vn 0.5863 -0.8090 -0.0420
vn -0.3773 -0.1437 0.9149
vn 0.1380 -0.9546 0.2641
vn -0.6033 -0.5648 0.5630
vn 0.2085 0.9546 -0.2129
vn -0.6033 -0.5648 -0.5630
vn -0.2212 0.8090 -0.5446
vn -0.4589 0.4970 -0.7365
vn -0.1244 0.3931 -0.9110
vn -0.5834 0.0846 -0.8078
vn -0.5017 -0.4659 -0.7289
vn 0.7750 0.2870 0.5631
vn 0.2973 0.2733 0.9149
vn 0.1380 -0.9546 -0.2641
vn -0.2960 0.2870 0.9110
vn 0.5863 -0.8090 0.0420
vn -0.7782 0.2733 0.5654
vn 0.8422 -0.4970 0.2088
vn -0.9579 0.2870 -0.0000
vn 0.9485 -0.0846 0.3052
vn 0.8482 0.4659 0.2519
vn -0.2960 0.2870 -0.9110
vn 0.2973 0.2733 -0.9149
vn 0.5382 -0.4659 0.7024
vn 0.7750 0.2870 -0.5631
vn 0.5880 0.0846 0.8044
vn 0.2972 0.2733 0.9149
vn 0.5586 0.4970 0.6640
vn 0.7094 0.1882 0.6792
vn 0.4496 0.8090 0.3786
vn 0.9706 -0.0404 0.2372
vn 0.2669 0.9546 -0.1325
vn 0.9520 -0.2774 -0.1291
vn 0.7468 -0.4881 -0.4518
vn 0.0225 0.4659 -0.8846
vn 0.2705 -0.6897 -0.6717
vn 0.0029 -0.0846 -0.9964
vn 0.0617 -0.4970 -0.8656
vn -0.6136 -0.6897 -0.3845
vn 0.1412 -0.8090 -0.5706
vn -0.8697 -0.4881 0.0734
vn 0.2938 -0.9546 -0.0496
vn -0.8461 -0.2774 0.4552
vn -0.6458 -0.0404 0.7624
vn -0.1380 0.9546 -0.2641
vn -0.1747 0.1882 0.9665
vn -0.5863 0.8090 0.0420
vn -0.8422 0.4970 0.2088
vn 0.1760 -0.6897 -0.7024
vn -0.9485 0.0846 0.3052
vn -0.3386 -0.4881 -0.8044
vn -0.8482 -0.4659 0.2519
vn -0.6943 -0.2774 -0.6640
vn -0.9247 -0.0404 -0.3786
vn -0.2085 -0.9546 -0.2129
vn -0.9731 0.1882 0.1325
vn 0.2212 -0.8090 -0.5446
vn 0.4589 -0.4970 -0.7365
vn -0.4268 0.1882 0.8846
vn 0.5834 -0.0846 -0.8078
vn 0.0744 -0.0404 0.9964
vn 0.5017 0.4659 -0.7289
vn 0.4170 -0.2774 0.8656
vn 0.6604 -0.4881 0.5706
vn 0.8343 -0.4659 -0.2948
vn 0.7224 -0.6897 0.0496
vn 0.9468 0.0846 -0.3106
vn 0.8041 0.4970 -0.3261
vn -0.9470 0.2404 0.2129
vn 0.4991 0.8090 -0.3106
vn -0.6247 0.5596 0.5446
vn -0.0436 0.9546 -0.2948
vn -0.2393 0.6327 0.7365
vn 0.1852 0.5596 0.8078
vn -0.3701 -0.8660 -0.3362
vn -0.4212 -0.8528 -0.3088
vn -0.4268 -0.8485 -0.3129
vn -0.4148 -0.8319 -0.3687
vn -0.4789 -0.8319 -0.2805
vn -0.4295 -0.8485 -0.3093
vn -0.4238 -0.8528 -0.3051
vn -0.4342 -0.8660 -0.2481
vn 0.1764 -0.6898 0.7022
vn -0.3382 -0.4883 0.8045
vn -0.9248 -0.0402 0.3783
vn -0.9731 0.1883 -0.1330
vn -0.4272 0.1883 -0.8843
vn 0.0740 -0.0402 -0.9965
vn 0.6606 -0.4883 -0.5702
vn 0.7223 -0.6898 -0.0492
vn 0.6882 -0.5257 0.5000
vn -0.8337 0.2354 0.4995
vn -0.6882 0.5257 -0.5000
vn 0.3062 -0.4565 0.8354
vn 0.8337 -0.2354 -0.4995
vn -0.8891 0.4565 -0.0331
vn -0.3062 0.4565 -0.8354
vn -0.2175 -0.2354 0.9473
vn 0.8891 -0.4565 0.0330
vn 0.2175 0.2354 -0.9473
vn -0.6101 -0.6591 -0.4397
vn -0.1951 -0.7979 -0.5704
vn -0.6885 -0.7126 -0.1348
vn -0.6028 -0.7978 -0.0092
vn -0.4609 -0.8870 0.0285
vn -0.1117 -0.8878 -0.4465
vn -0.3402 -0.7152 -0.6105
vn -0.6899 -0.7156 -0.1096
vn -0.4727 -0.8802 0.0428
vn -0.2032 -0.9674 -0.1511
vn -0.1063 -0.8768 -0.4689
vn -0.3239 -0.7132 -0.6216
vn 0.1118 0.2894 -0.9506
vn 0.7219 -0.5248 0.4511
vn -0.1118 -0.2894 0.9506
vn -0.7219 0.5248 -0.4511
vn -0.8093 -0.2187 -0.5452
vn -0.8903 -0.4351 0.1347
vn -0.3713 -0.8050 0.4627
vn 0.2611 -0.7808 -0.5677
vn 0.7758 -0.3370 -0.5335
vn -0.7181 0.5241 -0.4579
vn -0.1054 -0.2937 0.9501
vn -0.4253 -0.8506 -0.3090
vn 0.8337 -0.2354 -0.4996
vt 0.827593 0.141890
vt 0.829237 0.141189
vt 0.827181 0.173640
vt 0.825899 0.172785
vt 0.801433 0.190454
vt 0.801308 0.188882
vt 0.773660 0.178970
vt 0.774736 0.177883
vt 0.764981 0.147587
vt 0.766695 0.147958
vt 0.794001 0.125722
vt 0.794263 0.127287
vt 0.825073 0.237231
vt 0.846137 0.224231
vt 0.846034 0.223992
vt 0.825001 0.236975
vt 0.730929 0.088606
vt 0.708180 0.115910
vt 0.708547 0.115990
vt 0.731318 0.088777
vt 0.085978 0.190746
vt 0.112752 0.136737
vt 0.090635 0.127740
vt 0.069000 0.184145
vt 0.472444 0.116271
vt 0.395025 0.131116
vt 0.404995 0.149200
vt 0.472884 0.136242
vt 0.279346 0.314263
vt 0.254836 0.268543
vt 0.245431 0.282470
vt 0.270124 0.326754
vt 0.528260 0.214747
vt 0.524035 0.154985
vt 0.503086 0.157891
vt 0.512424 0.216865
vt 0.761295 0.237254
vt 0.723606 0.200923
vt 0.715281 0.218110
vt 0.751868 0.252327
vt 0.006436 0.242874
vt 0.049458 0.226848
vt 0.046716 0.207175
vt 0.000867 0.224344
vt 0.106355 0.472816
vt 0.092577 0.419367
vt 0.083480 0.428664
vt 0.097413 0.481803
vt 0.924496 0.203731
vt 0.964853 0.235007
vt 0.974282 0.219299
vt 0.932300 0.185880
vt 0.927665 0.491250
vt 0.929628 0.431438
vt 0.919419 0.430240
vt 0.917692 0.490001
vt 0.756238 0.348778
vt 0.769469 0.293151
vt 0.757731 0.285668
vt 0.745607 0.342031
vt 0.476422 0.298686
vt 0.508617 0.265279
vt 0.501519 0.248130
vt 0.468602 0.283008
vt 0.602424 0.470544
vt 0.581737 0.426637
vt 0.574370 0.440466
vt 0.595047 0.484051
vt 0.265056 0.423012
vt 0.281115 0.371361
vt 0.271725 0.361110
vt 0.256040 0.413268
vt 0.409943 0.463827
vt 0.380905 0.446899
vt 0.378191 0.466139
vt 0.407015 0.482933
vt 0.081737 0.573363
vt 0.102424 0.529456
vt 0.095047 0.515949
vt 0.074370 0.559534
vt 0.231126 0.616970
vt 0.199309 0.610586
vt 0.197765 0.630355
vt 0.230355 0.636896
vt 0.880905 0.553101
vt 0.909943 0.536173
vt 0.907015 0.517067
vt 0.878191 0.533861
vt 1.008617 0.734721
vt 0.976422 0.701314
vt 0.968602 0.716992
vt 1.001519 0.751870
vt 0.699309 0.389414
vt 0.731126 0.383029
vt 0.730355 0.363104
vt 0.697765 0.369645
vt 0.781115 0.628639
vt 0.765056 0.576988
vt 0.756040 0.586732
vt 0.771725 0.638890
vt 0.429628 0.568562
vt 0.427665 0.508750
vt 0.417692 0.509999
vt 0.419419 0.569760
vt 0.269469 0.706849
vt 0.256238 0.651222
vt 0.245607 0.657969
vt 0.257731 0.714332
vt 0.024035 0.845015
vt 0.028260 0.785253
vt 0.012424 0.783135
vt 0.003086 0.842109
vt 0.754836 0.731457
vt 0.779346 0.685737
vt 0.770123 0.673246
vt 0.745431 0.717530
vt 0.592577 0.580633
vt 0.606355 0.527184
vt 0.597413 0.518197
vt 0.583480 0.571335
vt 0.383643 0.638966
vt 0.414042 0.617355
vt 0.409919 0.598955
vt 0.380153 0.620048
vt 0.549458 0.773152
vt 0.506436 0.757126
vt 0.500867 0.775656
vt 0.546716 0.792825
vt 0.223606 0.799077
vt 0.261295 0.762746
vt 0.251868 0.747672
vt 0.215281 0.781890
vt 0.895025 0.868884
vt 0.972444 0.883729
vt 0.972884 0.863758
vt 0.904996 0.850800
vt 0.684483 0.704547
vt 0.716455 0.739179
vt 0.723257 0.721995
vt 0.692025 0.688802
vt 0.192025 0.311198
vt 0.223257 0.278005
vt 0.216455 0.260821
vt 0.184483 0.295453
vt 0.967991 0.072531
vt 1.078692 0.094226
vt 1.104408 0.079812
vt 0.968368 0.052559
vt 0.394602 0.238706
vt 0.388042 0.179376
vt 0.369863 0.183232
vt 0.380199 0.241811
vt 0.661818 0.270242
vt 0.688634 0.223495
vt 0.676658 0.210401
vt 0.650582 0.259137
vt 0.915432 0.156002
vt 0.919562 0.096223
vt 0.886080 0.096827
vt 0.894238 0.156449
vt 0.037165 0.424430
vt 0.067560 0.413305
vt 0.065905 0.393582
vt 0.034932 0.404926
vt 0.195695 0.401215
vt 0.185983 0.344080
vt 0.175319 0.350487
vt 0.185723 0.407239
vt 0.880153 0.379952
vt 0.909919 0.401045
vt 0.914042 0.382645
vt 0.883643 0.361034
vt 0.021640 0.509273
vt 0.025294 0.449859
vt 0.015252 0.447408
vt 0.011718 0.506932
vt 0.844519 0.438989
vt 0.862572 0.390265
vt 0.853951 0.378466
vt 0.836069 0.427776
vt 0.529798 0.460331
vt 0.557093 0.434138
vt 0.552759 0.416029
vt 0.525195 0.442549
vt 0.680571 0.355018
vt 0.661678 0.304713
vt 0.651844 0.316284
vt 0.671234 0.365665
vt 0.344605 0.526539
vt 0.361877 0.477629
vt 0.353706 0.466049
vt 0.336419 0.515046
vt 0.446675 0.287155
vt 0.410115 0.265208
vt 0.406283 0.284317
vt 0.441449 0.305290
vt 0.161678 0.695287
vt 0.180571 0.644982
vt 0.171234 0.634335
vt 0.151844 0.683716
vt 0.240227 0.429030
vt 0.209628 0.422891
vt 0.208766 0.442797
vt 0.239020 0.448865
vt 0.910115 0.734792
vt 0.946675 0.712845
vt 0.941450 0.694710
vt 0.906283 0.715682
vt 0.057093 0.565862
vt 0.029798 0.539669
vt 0.025195 0.557451
vt 0.052759 0.583971
vt 0.709628 0.577108
vt 0.740227 0.570970
vt 0.739020 0.551135
vt 0.708766 0.557203
vt 0.861877 0.522371
vt 0.844605 0.473461
vt 0.836419 0.484955
vt 0.853706 0.533951
vt 0.525294 0.550141
vt 0.521640 0.490727
vt 0.511718 0.493068
vt 0.515252 0.552592
vt 0.362572 0.609735
vt 0.344519 0.561011
vt 0.336069 0.572224
vt 0.353951 0.621534
vt 0.188634 0.776505
vt 0.161818 0.729758
vt 0.150582 0.740863
vt 0.176658 0.789599
vt 0.888042 0.820624
vt 0.894602 0.761294
vt 0.880199 0.758189
vt 0.869863 0.816768
vt 0.685983 0.655920
vt 0.695695 0.598785
vt 0.685723 0.592761
vt 0.675319 0.649513
vt 0.432300 0.814120
vt 0.474282 0.780701
vt 0.464853 0.764993
vt 0.424496 0.796269
vt 0.567560 0.586695
vt 0.537165 0.575570
vt 0.534932 0.595074
vt 0.565905 0.606418
vt 0.419562 0.903777
vt 0.415432 0.843998
vt 0.394238 0.843551
vt 0.386080 0.903173
vt 0.578692 0.905774
vt 0.467991 0.927469
vt 0.468368 0.947441
vt 0.604408 0.920188
vt 0.569000 0.815855
vt 0.590635 0.872260
vt 0.612752 0.863263
vt 0.585978 0.809254
vt 0.590509 0.710405
vt 0.569420 0.762903
vt 0.588371 0.780917
vt 0.613652 0.730986
vt 0.578161 0.623313
vt 0.591250 0.679639
vt 0.611893 0.659047
vt 0.592738 0.609112
vt 0.630260 0.713620
vt 0.667250 0.698296
vt 0.663155 0.668363
vt 0.627800 0.672725
vt 0.712760 0.851572
vt 0.644827 0.875984
vt 0.651038 0.906413
vt 0.741764 0.885581
vt 0.727149 0.763361
vt 0.727436 0.824283
vt 0.765261 0.816608
vt 0.749430 0.758863
vt 0.782539 0.877136
vt 0.859807 0.866557
vt 0.850460 0.837006
vt 0.788110 0.836325
vt 0.174493 0.944320
vt 0.377147 0.953718
vt 0.350652 0.924606
vt 0.230929 0.911394
vt 0.011111 0.894684
vt 0.106361 0.928788
vt 0.118001 0.888204
vt 0.038086 0.870807
vt 0.208180 0.884090
vt 0.210023 0.823189
vt 0.181798 0.817455
vt 0.154743 0.873068
vt 0.346137 0.775769
vt 0.383879 0.817076
vt 0.400905 0.793373
vt 0.369097 0.748946
vt 0.281114 0.754460
vt 0.325073 0.762769
vt 0.323885 0.721713
vt 0.284037 0.724048
vt 0.364499 0.718921
vt 0.372560 0.659470
vt 0.356087 0.649749
vt 0.340084 0.704309
vt 0.466923 0.678855
vt 0.473125 0.738987
vt 0.493842 0.735063
vt 0.490953 0.674315
vt 0.429293 0.619243
vt 0.457130 0.653167
vt 0.467124 0.616327
vt 0.437452 0.592683
vt 0.497291 0.645596
vt 0.520462 0.602259
vt 0.509945 0.579112
vt 0.483494 0.613235
vt 0.645693 0.466872
vt 0.615863 0.480193
vt 0.617960 0.510616
vt 0.648397 0.507612
vt 0.672534 0.394043
vt 0.657998 0.448077
vt 0.677113 0.464058
vt 0.687294 0.406481
vt 0.662615 0.519484
vt 0.683232 0.564692
vt 0.695537 0.545828
vt 0.678983 0.494620
vt 0.828092 0.635107
vt 0.794729 0.642664
vt 0.794531 0.673374
vt 0.830223 0.676031
vt 0.855556 0.562196
vt 0.841532 0.616857
vt 0.862275 0.631607
vt 0.870330 0.572627
vt 0.847049 0.688190
vt 0.874600 0.730867
vt 0.888647 0.709068
vt 0.865553 0.661833
vt 0.058177 0.696025
vt 0.027855 0.734570
vt 0.039245 0.760654
vt 0.074894 0.727630
vt 0.061805 0.606609
vt 0.064761 0.667295
vt 0.087831 0.658810
vt 0.077717 0.600773
vt 0.094520 0.720359
vt 0.134259 0.725915
vt 0.136139 0.695349
vt 0.100558 0.680437
vt 0.260885 0.552573
vt 0.244883 0.605028
vt 0.258196 0.622963
vt 0.278290 0.575507
vt 0.250789 0.465214
vt 0.262012 0.521865
vt 0.280444 0.503636
vt 0.264643 0.451482
vt 0.292334 0.561535
vt 0.323310 0.558542
vt 0.323666 0.527839
vt 0.293339 0.520488
vt 0.446915 0.417335
vt 0.424045 0.458580
vt 0.433532 0.482796
vt 0.459455 0.450308
vt 0.451618 0.328105
vt 0.453184 0.388962
vt 0.474992 0.384846
vt 0.469473 0.324730
vt 0.474980 0.447378
vt 0.503576 0.469680
vt 0.510719 0.442421
vt 0.484104 0.410328
vt 0.762012 0.478135
vt 0.750789 0.534786
vt 0.764643 0.548518
vt 0.780444 0.496364
vt 0.744883 0.394971
vt 0.760885 0.447427
vt 0.778290 0.424493
vt 0.758196 0.377036
vt 0.793339 0.479512
vt 0.823666 0.472161
vt 0.823310 0.441458
vt 0.792334 0.438465
vt 0.953184 0.611038
vt 0.951618 0.671895
vt 0.969473 0.675270
vt 0.974992 0.615154
vt 0.924045 0.541420
vt 0.946915 0.582665
vt 0.959455 0.549692
vt 0.933532 0.517204
vt 0.984104 0.589672
vt 1.010719 0.557579
vt 1.003576 0.530320
vt 0.974980 0.552622
vt 0.157998 0.551923
vt 0.172534 0.605957
vt 0.187294 0.593519
vt 0.177113 0.535942
vt 0.115863 0.519807
vt 0.145693 0.533128
vt 0.148397 0.492388
vt 0.117960 0.489384
vt 0.178983 0.505380
vt 0.195537 0.454172
vt 0.183232 0.435308
vt 0.162615 0.480516
vt 0.341532 0.383143
vt 0.355556 0.437804
vt 0.370330 0.427373
vt 0.362275 0.368393
vt 0.294729 0.357336
vt 0.328092 0.364893
vt 0.330223 0.323969
vt 0.294531 0.326626
vt 0.365553 0.338167
vt 0.388647 0.290932
vt 0.374600 0.269133
vt 0.347049 0.311810
vt 0.564761 0.332705
vt 0.561805 0.393391
vt 0.577717 0.399227
vt 0.587831 0.341190
vt 0.527856 0.265430
vt 0.558177 0.303975
vt 0.574894 0.272370
vt 0.539245 0.239346
vt 0.600558 0.319563
vt 0.636139 0.304651
vt 0.634259 0.274085
vt 0.594520 0.279640
vt 0.781114 0.245540
vt 0.784037 0.275952
vt 0.823885 0.278287
vt 0.883879 0.182924
vt 0.869097 0.251054
vt 0.900905 0.206627
vt 0.840084 0.295691
vt 0.856087 0.350251
vt 0.872560 0.340530
vt 0.864499 0.281079
vt 0.957130 0.346833
vt 0.929293 0.380757
vt 0.937452 0.407317
vt 0.967124 0.383673
vt 0.973125 0.261013
vt 0.966923 0.321145
vt 0.990953 0.325685
vt 0.993842 0.264936
vt 0.983494 0.386764
vt 1.009945 0.420888
vt 1.020462 0.397741
vt 0.997291 0.354404
vt 0.091250 0.320361
vt 0.078161 0.376687
vt 0.092738 0.390888
vt 0.111893 0.340953
vt 0.069420 0.237097
vt 0.090509 0.289595
vt 0.113652 0.269014
vt 0.088371 0.219083
vt 0.127800 0.327275
vt 0.163155 0.331637
vt 0.167250 0.301704
vt 0.130260 0.286380
vt 0.654743 0.126932
vt 0.681798 0.182545
vt 0.710023 0.176811
vt 0.538086 0.129193
vt 0.618001 0.111796
vt 0.606361 0.071212
vt 0.511111 0.105315
vt 0.850652 0.075394
vt 0.877147 0.046282
vt 0.674493 0.055680
vt 0.227436 0.175717
vt 0.227149 0.236639
vt 0.249430 0.241137
vt 0.265261 0.183392
vt 0.144827 0.124016
vt 0.212760 0.148428
vt 0.241764 0.114419
vt 0.151038 0.093587
vt 0.288110 0.163675
vt 0.350460 0.162994
vt 0.359807 0.133443
vt 0.282539 0.122864
vt 1.006436 0.242874
vt 1.000867 0.224344
vt 0.104408 0.079812
vt 0.078692 0.094226
vt 0.020462 0.397741
vt 0.009945 0.420888
vt 0.003576 0.530320
vt 0.010719 0.557579
vt 0.008617 0.734721
vt 0.001519 0.751870
vt 1.011111 0.894684
vt 1.038086 0.870807
vt 1.024035 0.845015
vt 1.003086 0.842109
vt 0.086088 0.190653
vt 0.068682 0.183881
vt 0.090077 0.127721
vt 0.112755 0.136893
vt 0.472256 0.116193
vt 0.472708 0.136653
vt 0.405331 0.149513
vt 0.395127 0.130984
vt 0.279336 0.314108
vt 0.269882 0.326896
vt 0.245316 0.282868
vt 0.254936 0.268585
vt 0.528318 0.214609
vt 0.512085 0.216773
vt 0.502699 0.158124
vt 0.524133 0.155110
vt 0.761262 0.237105
vt 0.751602 0.252544
vt 0.715228 0.218541
vt 0.723738 0.200924
vt 0.006546 0.242902
vt 0.000854 0.223908
vt 0.046531 0.206801
vt 0.049368 0.226950
vt 0.106362 0.472661
vt 0.097196 0.481851
vt 0.083332 0.428992
vt 0.092646 0.419448
vt 0.924567 0.203861
vt 0.932596 0.185591
vt 0.974393 0.218886
vt 0.964738 0.234992
vt 0.927710 0.491123
vt 0.917493 0.489823
vt 0.919205 0.430372
vt 0.929665 0.431576
vt 0.756306 0.348682
vt 0.745415 0.341754
vt 0.757452 0.285667
vt 0.769482 0.293305
vt 0.476518 0.298670
vt 0.468513 0.282594
vt 0.501274 0.247863
vt 0.508566 0.265416
vt 0.602409 0.470392
vt 0.594845 0.484215
vt 0.574275 0.440860
vt 0.581814 0.426677
vt 0.265126 0.422936
vt 0.255893 0.412937
vt 0.271487 0.361037
vt 0.281115 0.371516
vt 0.409891 0.463711
vt 0.406882 0.483279
vt 0.378210 0.466574
vt 0.380981 0.446857
vt 0.081814 0.573323
vt 0.074275 0.559140
vt 0.094845 0.515785
vt 0.102409 0.529608
vt 0.231058 0.616880
vt 0.230254 0.637293
vt 0.197815 0.630782
vt 0.199385 0.610524
vt 0.880981 0.553143
vt 0.878210 0.533426
vt 0.906882 0.516721
vt 0.909891 0.536289
vt 1.008566 0.734584
vt 1.001274 0.752137
vt 0.968513 0.717406
vt 0.976518 0.701330
vt 0.699385 0.389476
vt 0.697815 0.369218
vt 0.730254 0.362707
vt 0.731058 0.383119
vt 0.781115 0.628484
vt 0.771487 0.638963
vt 0.755893 0.587063
vt 0.765126 0.577064
vt 0.429665 0.568424
vt 0.419205 0.569628
vt 0.417493 0.510177
vt 0.427710 0.508877
vt 0.269482 0.706695
vt 0.257452 0.714333
vt 0.245415 0.658246
vt 0.256306 0.651318
vt 0.024133 0.844890
vt 0.002699 0.841876
vt 0.012085 0.783227
vt 0.028318 0.785391
vt 0.754936 0.731415
vt 0.745316 0.717132
vt 0.769882 0.673104
vt 0.779336 0.685891
vt 0.592646 0.580552
vt 0.583332 0.571008
vt 0.597196 0.518149
vt 0.606362 0.527339
vt 0.383727 0.639000
vt 0.380162 0.619612
vt 0.409762 0.598637
vt 0.413993 0.617481
vt 0.549368 0.773050
vt 0.546531 0.793199
vt 0.500854 0.776092
vt 0.506546 0.757098
vt 0.223738 0.799076
vt 0.215228 0.781459
vt 0.251602 0.747456
vt 0.261262 0.762895
vt 0.895127 0.869016
vt 0.905331 0.850487
vt 0.972708 0.863347
vt 0.972256 0.883807
vt 0.684516 0.704693
vt 0.692248 0.688569
vt 0.723303 0.721565
vt 0.716349 0.739179
vt 0.192248 0.311431
vt 0.184516 0.295307
vt 0.216349 0.260821
vt 0.223303 0.278435
vt 0.968322 0.072941
vt 0.968774 0.052480
vt 1.104353 0.079659
vt 1.078045 0.094444
vt 0.394886 0.238504
vt 0.380123 0.241696
vt 0.369820 0.183380
vt 0.388441 0.179469
vt 0.662099 0.270352
vt 0.650584 0.258981
vt 0.676539 0.210452
vt 0.688787 0.223884
vt 0.915872 0.155864
vt 0.894141 0.156323
vt 0.885975 0.096970
vt 0.920227 0.096405
vt 0.037287 0.424797
vt 0.034991 0.404818
vt 0.065829 0.393524
vt 0.067514 0.413733
vt 0.195876 0.400949
vt 0.185662 0.407138
vt 0.175301 0.350639
vt 0.186230 0.344101
vt 0.880162 0.380388
vt 0.883727 0.361000
vt 0.913993 0.382518
vt 0.909762 0.401363
vt 0.021852 0.509169
vt 0.011686 0.506790
vt 0.015203 0.447531
vt 0.025489 0.450063
vt 0.844735 0.439094
vt 0.836073 0.427621
vt 0.853874 0.378526
vt 0.862697 0.390633
vt 0.529960 0.460626
vt 0.525236 0.442416
vt 0.552679 0.416012
vt 0.557109 0.434573
vt 0.680721 0.354674
vt 0.671158 0.365597
vt 0.651852 0.316439
vt 0.661937 0.304608
vt 0.344817 0.526648
vt 0.336424 0.514890
vt 0.353634 0.466111
vt 0.361999 0.477991
vt 0.446699 0.286720
vt 0.441355 0.305309
vt 0.406350 0.284433
vt 0.410297 0.264864
vt 0.161937 0.695392
vt 0.151852 0.683561
vt 0.171158 0.634403
vt 0.180721 0.645326
vt 0.240174 0.428606
vt 0.238948 0.448930
vt 0.208830 0.442889
vt 0.209725 0.422497
vt 0.910297 0.735136
vt 0.906350 0.715567
vt 0.941355 0.694691
vt 0.946699 0.713280
vt 0.057109 0.565427
vt 0.052679 0.583988
vt 0.025236 0.557584
vt 0.029960 0.539374
vt 0.709725 0.577503
vt 0.708830 0.557111
vt 0.738948 0.551070
vt 0.740174 0.571394
vt 0.861999 0.522009
vt 0.853634 0.533889
vt 0.836424 0.485110
vt 0.844817 0.473352
vt 0.525489 0.549937
vt 0.515203 0.552469
vt 0.511686 0.493210
vt 0.521852 0.490831
vt 0.362697 0.609367
vt 0.353874 0.621474
vt 0.336072 0.572379
vt 0.344735 0.560906
vt 0.188787 0.776116
vt 0.176539 0.789548
vt 0.150584 0.741019
vt 0.162099 0.729648
vt 0.888441 0.820531
vt 0.869820 0.816620
vt 0.880123 0.758304
vt 0.894886 0.761495
vt 0.686230 0.655899
vt 0.675301 0.649361
vt 0.685662 0.592862
vt 0.695876 0.599051
vt 0.432596 0.814409
vt 0.424567 0.796139
vt 0.464738 0.765008
vt 0.474393 0.781114
vt 0.567514 0.586267
vt 0.565829 0.606476
vt 0.534991 0.595182
vt 0.537287 0.575203
vt 0.420227 0.903594
vt 0.385975 0.903030
vt 0.394141 0.843677
vt 0.415872 0.844136
vt 0.578045 0.905556
vt 0.604353 0.920341
vt 0.468774 0.947520
vt 0.468322 0.927059
vt 0.568682 0.816119
vt 0.586088 0.809347
vt 0.612755 0.863107
vt 0.590077 0.872279
vt 0.590162 0.710317
vt 0.613886 0.731416
vt 0.588485 0.781386
vt 0.569059 0.762912
vt 0.577903 0.623202
vt 0.592835 0.608657
vt 0.612072 0.658590
vt 0.590923 0.679683
vt 0.630434 0.714103
vt 0.627901 0.672198
vt 0.663284 0.667926
vt 0.667492 0.698591
vt 0.712267 0.851239
vt 0.741978 0.886114
vt 0.650604 0.906834
vt 0.644361 0.875645
vt 0.726849 0.763085
vt 0.749655 0.758482
vt 0.765650 0.816251
vt 0.726935 0.824105
vt 0.782741 0.877669
vt 0.788386 0.835842
vt 0.850673 0.836563
vt 0.860313 0.866824
vt 0.173832 0.944825
vt 0.231716 0.911048
vt 0.351094 0.924162
vt 0.378668 0.953935
vt 0.010361 0.894740
vt 0.038033 0.870318
vt 0.117776 0.887671
vt 0.105643 0.929242
vt 0.208923 0.883926
vt 0.154265 0.872657
vt 0.181536 0.817055
vt 0.210412 0.822920
vt 0.345930 0.776254
vt 0.369464 0.748755
vt 0.401299 0.793259
vt 0.383860 0.817566
vt 0.280853 0.754788
vt 0.283866 0.723632
vt 0.323727 0.721213
vt 0.324927 0.763287
vt 0.364856 0.718867
vt 0.339848 0.703903
vt 0.355947 0.649327
vt 0.372818 0.659281
vt 0.466632 0.679112
vt 0.491267 0.674457
vt 0.494130 0.735307
vt 0.472885 0.739330
vt 0.429045 0.619409
vt 0.437408 0.592200
vt 0.467134 0.615772
vt 0.456888 0.653519
vt 0.497565 0.645851
vt 0.483425 0.612696
vt 0.509941 0.578622
vt 0.520718 0.602334
vt 0.645549 0.466398
vt 0.648320 0.508145
vt 0.617831 0.511033
vt 0.615682 0.479862
vt 0.672415 0.393608
vt 0.687542 0.406355
vt 0.677392 0.464056
vt 0.657803 0.447679
vt 0.662479 0.519968
vt 0.679252 0.494489
vt 0.695785 0.545839
vt 0.683176 0.565170
vt 0.827946 0.634620
vt 0.830122 0.676558
vt 0.794345 0.673748
vt 0.794558 0.642283
vt 0.855432 0.561771
vt 0.870566 0.572456
vt 0.862577 0.631569
vt 0.841326 0.616458
vt 0.846890 0.688678
vt 0.865855 0.661660
vt 0.888954 0.709006
vt 0.874561 0.731354
vt 0.057879 0.695760
vt 0.075008 0.728157
vt 0.039206 0.761142
vt 0.027544 0.734402
vt 0.061579 0.606367
vt 0.077878 0.600390
vt 0.088081 0.658473
vt 0.064450 0.667164
vt 0.094577 0.720907
vt 0.100754 0.679992
vt 0.136351 0.695001
vt 0.134440 0.726323
vt 0.260609 0.552467
vt 0.278446 0.575971
vt 0.258267 0.623436
vt 0.244624 0.605054
vt 0.250548 0.465106
vt 0.264745 0.451034
vt 0.280623 0.503212
vt 0.261734 0.521890
vt 0.292434 0.562054
vt 0.293462 0.519991
vt 0.323827 0.527469
vt 0.323464 0.558927
vt 0.446665 0.417063
vt 0.459517 0.450849
vt 0.433524 0.483286
vt 0.423803 0.458476
vt 0.451375 0.327848
vt 0.469680 0.324388
vt 0.475254 0.384586
vt 0.452901 0.388805
vt 0.474972 0.447932
vt 0.484324 0.409968
vt 0.510949 0.442231
vt 0.503629 0.470159
vt 0.761734 0.478110
vt 0.780623 0.496788
vt 0.764745 0.548966
vt 0.750548 0.534894
vt 0.744624 0.394945
vt 0.758267 0.376564
vt 0.778447 0.424029
vt 0.760609 0.447533
vt 0.793462 0.480009
vt 0.792434 0.437946
vt 0.823464 0.441072
vt 0.823827 0.472531
vt 0.952901 0.611195
vt 0.975255 0.615414
vt 0.969680 0.675612
vt 0.951375 0.672152
vt 0.923803 0.541524
vt 0.933524 0.516714
vt 0.959517 0.549151
vt 0.946665 0.582937
vt 0.984324 0.590032
vt 0.974972 0.552068
vt 1.003629 0.529841
vt 1.010949 0.557769
vt 0.157803 0.552321
vt 0.177392 0.535944
vt 0.187542 0.593645
vt 0.172415 0.606392
vt 0.115682 0.520138
vt 0.117831 0.488967
vt 0.148320 0.491855
vt 0.145549 0.533602
vt 0.179252 0.505511
vt 0.162478 0.480032
vt 0.183176 0.434829
vt 0.195785 0.454161
vt 0.341326 0.383542
vt 0.362577 0.368431
vt 0.370566 0.427544
vt 0.355432 0.438228
vt 0.294558 0.357717
vt 0.294345 0.326252
vt 0.330122 0.323442
vt 0.327946 0.365380
vt 0.365854 0.338339
vt 0.346890 0.311322
vt 0.374561 0.268646
vt 0.388954 0.290994
vt 0.564450 0.332836
vt 0.588081 0.341527
vt 0.577878 0.399610
vt 0.561579 0.393633
vt 0.527544 0.265598
vt 0.539206 0.238858
vt 0.575009 0.271843
vt 0.557879 0.304240
vt 0.600754 0.320008
vt 0.594578 0.279093
vt 0.634440 0.273677
vt 0.636351 0.304999
vt 0.824927 0.236713
vt 0.823727 0.278787
vt 0.783866 0.276368
vt 0.780853 0.245212
vt 0.883860 0.182434
vt 0.901299 0.206741
vt 0.869464 0.251245
vt 0.845930 0.223746
vt 0.839848 0.296097
vt 0.864856 0.281133
vt 0.872818 0.340719
vt 0.855947 0.350674
vt 0.956888 0.346481
vt 0.967134 0.384228
vt 0.937408 0.407800
vt 0.929045 0.380591
vt 0.972885 0.260670
vt 0.994130 0.264693
vt 0.991267 0.325542
vt 0.966632 0.320888
vt 0.983425 0.387304
vt 0.997565 0.354149
vt 1.020718 0.397666
vt 1.009941 0.421378
vt 0.090923 0.320317
vt 0.112072 0.341410
vt 0.092835 0.391343
vt 0.077903 0.376798
vt 0.069059 0.237088
vt 0.088485 0.218614
vt 0.113886 0.268584
vt 0.090162 0.289683
vt 0.127901 0.327802
vt 0.130434 0.285897
vt 0.167492 0.301409
vt 0.163284 0.332074
vt 0.654265 0.127343
vt 0.708923 0.116074
vt 0.710412 0.177080
vt 0.681536 0.182945
vt 0.538033 0.129681
vt 0.510361 0.105260
vt 0.605643 0.070758
vt 0.617776 0.112329
vt 0.731716 0.088952
vt 0.673832 0.055175
vt 0.878668 0.046065
vt 0.851094 0.075838
vt 0.226935 0.175895
vt 0.265650 0.183749
vt 0.249655 0.241518
vt 0.226849 0.236915
vt 0.144361 0.124355
vt 0.150604 0.093166
vt 0.241978 0.113886
vt 0.212267 0.148761
vt 0.288386 0.164158
vt 0.282741 0.122331
vt 0.360313 0.133176
vt 0.350673 0.163437
vt 1.000854 0.223908
vt 1.006546 0.242902
vt 0.078045 0.094444
vt 0.104353 0.079659
vt 0.020718 0.397666
vt 0.009941 0.421378
vt 0.003629 0.529841
vt 0.010949 0.557769
vt 0.008566 0.734584
vt 0.001274 0.752137
vt 1.002699 0.841876
vt 1.024133 0.844890
vt 1.038033 0.870318
vt 1.010361 0.894740
vt 0.723671 0.200924
vt 0.761279 0.237180
vt 0.710215 0.176944
vt 0.850871 0.075613
vt 0.886028 0.096898
vt 0.894190 0.156387
vt 0.883869 0.182682
vt 0.780985 0.245378
vt 0.277556 0.797777
vt 0.251587 0.825349
vt 0.282330 0.795670
vt 0.316181 0.802040
vt 0.325434 0.807972
vt 0.349928 0.839223
vt 0.350877 0.845224
vt 0.332841 0.882302
vt 0.325956 0.885879
vt 0.270389 0.879217
vt 0.259531 0.870320
vt 0.249283 0.830936
vt 0.332402 0.881941
vt 0.350364 0.845262
vt 0.249729 0.831104
vt 0.251999 0.825565
vt 0.277719 0.798217
vt 0.282455 0.796128
vt 0.316038 0.802439
vt 0.325212 0.808322
vt 0.349439 0.839317
vt 0.325593 0.885470
vt 0.270741 0.878873
vt 0.259985 0.870082
vt 0.290488 0.841437
vt 0.294892 0.835182
vt 0.302550 0.835514
vt 0.293965 0.848284
vt 0.302227 0.848641
vt 0.306376 0.842124
vt 0.301964 0.836461
vt 0.295391 0.836177
vt 0.305210 0.842119
vt 0.301650 0.847666
vt 0.294638 0.847363
vt 0.291645 0.841533
vt 0.292481 0.841597
vt 0.295858 0.836899
vt 0.295584 0.839841
vt 0.294276 0.841722
vt 0.295118 0.846697
vt 0.296137 0.845264
vt 0.301296 0.846875
vt 0.298555 0.845380
vt 0.296290 0.845045
vt 0.298545 0.845153
vt 0.294550 0.841740
vt 0.295770 0.839982
s 0
f 4/1/1 5/2/1 7/3/1 6/4/1
f 6/4/2 7/3/2 9/5/2 8/6/2
f 8/6/3 9/5/3 11/7/3 10/8/3
f 10/8/4 11/7/4 13/9/4 12/10/4
f 7/3/5 5/2/5 15/11/5 13/9/5 11/7/5 9/5/5
f 12/10/6 13/9/6 15/11/6 14/12/6
f 14/12/7 15/11/7 5/2/7 4/1/7
f 4/1/8 6/4/8 8/6/8 10/8/8 12/10/8 14/12/8
f 3/13/9 189/14/9 985/15/9 16/16/9
f 2/17/10 1/18/10 979/19/10 980/20/10
f 7/3/11 9/5/11 16/16/11 985/15/11
f 13/9/12 15/11/12 980/20/12 979/19/12
f 1/18/13 2/17/13 14/12/13 12/10/13
f 189/14/14 3/13/14 8/6/14 6/4/14
f 13/9/15 979/19/15 1/18/15 12/10/15
f 16/16/16 9/5/16 8/6/16 3/13/16
f 7/3/17 985/15/17 189/14/17 6/4/17
f 980/20/18 15/11/18 14/12/18 2/17/18
f 148/21/19 137/22/19 18/23/19 19/24/19
f 160/25/20 149/26/20 28/27/20 29/28/20
f 170/29/21 161/30/21 38/31/21 39/32/21
f 182/33/22 171/34/22 30/35/22 31/36/22
f 191/37/23 183/38/23 68/39/23 69/40/23
f 203/41/24 192/42/24 20/43/24 21/44/24
f 215/45/25 204/46/25 48/47/25 49/48/25
f 227/49/26 216/50/26 22/51/26 23/52/26
f 239/53/27 228/54/27 58/55/27 59/56/27
f 251/57/28 240/58/28 70/59/28 71/60/28
f 263/61/29 252/62/29 32/63/29 33/64/29
f 275/65/30 264/66/30 118/67/30 119/68/30
f 285/69/31 276/70/31 40/71/31 41/72/31
f 295/73/32 286/74/32 78/75/32 79/76/32
f 307/77/33 296/78/33 50/79/33 51/80/33
f 319/81/34 308/82/34 88/83/34 89/84/34
f 331/85/35 320/86/35 60/87/35 61/88/35
f 343/89/36 332/90/36 98/91/36 99/92/36
f 355/93/37 344/94/37 72/95/37 73/96/37
f 367/97/38 356/98/38 108/99/38 109/100/38
f 379/101/39 368/102/39 80/103/39 81/104/39
f 391/105/40 380/106/40 90/107/40 91/108/40
f 403/109/41 392/110/41 100/111/41 101/112/41
f 415/113/42 404/114/42 110/115/42 111/116/42
f 427/117/43 416/118/43 120/119/43 121/120/43
f 439/121/44 428/122/44 82/123/44 83/124/44
f 451/125/45 440/126/45 136/127/45 127/128/45
f 964/129/46 965/130/46 92/131/46 93/132/46
f 471/133/47 460/134/47 102/135/47 103/136/47
f 483/137/48 472/138/48 112/139/48 113/140/48
f 46/141/49 37/142/49 142/143/49 143/144/49
f 26/145/50 17/146/50 154/147/50 155/148/50
f 36/149/51 27/150/51 166/151/51 167/152/51
f 76/153/52 67/154/52 176/155/52 177/156/52
f 24/157/53 25/158/53 186/159/53 187/160/53
f 56/161/54 47/162/54 197/163/54 198/164/54
f 44/165/55 45/166/55 209/167/55 210/168/55
f 66/169/56 57/170/56 221/171/56 222/172/56
f 54/173/57 55/174/57 233/175/57 234/176/57
f 64/177/58 65/178/58 245/179/58 246/180/58
f 126/181/59 117/182/59 257/183/59 258/184/59
f 74/185/60 75/186/60 269/187/60 270/188/60
f 86/189/61 77/190/61 279/191/61 280/192/61
f 34/193/62 35/194/62 289/195/62 290/196/62
f 96/197/63 87/198/63 301/199/63 302/200/63
f 42/201/64 43/202/64 313/203/64 314/204/64
f 106/205/65 97/206/65 325/207/65 326/208/65
f 52/209/66 53/210/66 337/211/66 338/212/66
f 116/213/67 107/214/67 349/215/67 350/216/67
f 62/217/68 63/218/68 361/219/68 362/220/68
f 124/221/69 125/222/69 373/223/69 374/224/69
f 84/225/70 85/226/70 385/227/70 386/228/70
f 94/229/71 95/230/71 397/231/71 398/232/71
f 104/233/72 105/234/72 409/235/72 410/236/72
f 114/237/73 115/238/73 421/239/73 422/240/73
f 134/241/74 135/242/74 433/243/74 434/244/74
f 122/245/75 123/246/75 445/247/75 446/248/75
f 132/249/76 133/250/76 970/251/76 971/252/76
f 130/253/77 131/254/77 465/255/77 466/256/77
f 128/257/78 129/258/78 477/259/78 478/260/78
f 449/261/79 450/262/79 479/263/79 480/264/79
f 447/265/80 448/266/80 425/267/80 426/268/80
f 481/269/81 482/270/81 423/271/81 424/272/81
f 475/273/82 476/274/82 467/275/82 468/276/82
f 473/277/83 474/278/83 413/279/83 414/280/83
f 469/281/84 470/282/84 411/283/84 412/284/84
f 463/285/85 464/286/85 972/287/85 973/288/85
f 461/289/86 462/290/86 401/291/86 402/292/86
f 974/293/87 975/294/87 399/295/87 400/296/87
f 968/297/88 969/298/88 435/299/88 436/300/88
f 966/301/89 967/302/89 389/303/89 390/304/89
f 437/305/90 438/306/90 387/307/90 388/308/90
f 431/309/91 432/310/91 441/311/91 442/312/91
f 429/313/92 430/314/92 377/315/92 378/316/92
f 443/317/93 444/318/93 375/319/93 376/320/93
f 273/321/94 274/322/94 417/323/94 418/324/94
f 271/325/95 272/326/95 353/327/95 354/328/95
f 419/329/96 420/330/96 351/331/96 352/332/96
f 365/333/97 366/334/97 405/335/97 406/336/97
f 363/337/98 364/338/98 329/339/98 330/340/98
f 407/341/99 408/342/99 327/343/99 328/344/99
f 341/345/100 342/346/100 393/347/100 394/348/100
f 339/349/101 340/350/101 305/351/101 306/352/101
f 395/353/102 396/354/102 303/355/102 304/356/102
f 317/357/103 318/358/103 381/359/103 382/360/103
f 315/361/104 316/362/104 283/363/104 284/364/104
f 383/365/105 384/366/105 281/367/105 282/368/105
f 293/369/106 294/370/106 369/371/106 370/372/106
f 291/373/107 292/374/107 261/375/107 262/376/107
f 371/377/108 372/378/108 259/379/108 260/380/108
f 347/381/109 348/382/109 357/383/109 358/384/109
f 345/385/110 346/386/110 249/387/110 250/388/110
f 359/389/111 360/390/111 247/391/111 248/392/111
f 323/393/112 324/394/112 333/395/112 334/396/112
f 321/397/113 322/398/113 237/399/113 238/400/113
f 335/401/114 336/402/114 235/403/114 236/404/114
f 299/405/115 300/406/115 309/407/115 310/408/115
f 297/409/116 298/410/116 213/411/116 214/412/116
f 311/413/117 312/414/117 211/415/117 212/416/117
f 990/417/118 278/418/118 287/419/118 991/420/118
f 277/421/119 989/422/119 988/423/119 169/424/119
f 992/425/120 288/426/120 168/427/120 987/428/120
f 255/429/121 256/430/121 265/431/121 266/432/121
f 253/433/122 254/434/122 180/435/122 181/436/122
f 267/437/123 268/438/123 178/439/123 179/440/123
f 3/13/124 190/441/124 241/442/124 242/443/124
f 188/444/125 189/14/125 225/445/125 226/446/125
f 243/447/126 244/448/126 223/449/126 224/450/126
f 219/451/127 220/452/127 229/453/127 230/454/127
f 217/455/128 218/456/128 201/457/128 202/458/128
f 231/459/129 232/460/129 199/461/129 200/462/129
f 195/463/130 196/464/130 205/465/130 206/466/130
f 193/467/131 194/468/131 146/469/131 147/470/131
f 207/471/132 208/472/132 144/473/132 145/474/132
f 174/475/133 175/476/133 184/477/133 1/18/133
f 172/478/134 173/479/134 158/480/134 159/481/134
f 2/17/135 185/482/135 156/483/135 157/484/135
f 140/485/136 141/486/136 162/487/136 163/488/136
f 138/489/137 139/490/137 152/491/137 153/492/137
f 164/493/138 165/494/138 150/495/138 151/496/138
f 20/43/139 192/42/139 193/467/139 147/470/139 148/21/139 19/24/139
f 22/51/140 216/50/140 217/455/140 202/458/140 203/497/140 21/498/140
f 24/157/141 187/160/141 188/444/141 226/446/141 227/49/141 23/52/141
f 18/23/142 137/22/142 138/489/142 153/492/142 154/499/142 17/500/142
f 156/483/143 185/482/143 186/159/143 25/158/143 26/145/143 155/148/143
f 150/495/144 165/494/144 166/151/144 27/150/144 28/27/144 149/26/144
f 168/427/145 288/426/145 289/195/145 35/194/145 36/149/145 167/152/145
f 30/35/146 171/34/146 172/478/146 159/481/146 160/25/146 29/28/146
f 32/63/147 252/62/147 253/433/147 181/436/147 182/33/147 31/36/147
f 34/193/148 290/196/148 291/373/148 262/376/148 263/61/148 33/64/148
f 142/143/149 37/142/149 38/31/149 161/30/149 162/487/149 141/486/149
f 144/473/150 208/472/150 209/167/150 45/166/150 46/141/150 143/144/150
f 211/415/151 312/414/151 313/203/151 43/202/151 44/165/151 210/168/151
f 40/71/152 276/70/152 277/421/152 169/424/152 170/29/152 39/32/152
f 42/201/153 314/204/153 315/361/153 284/364/153 285/69/153 41/72/153
f 197/163/154 47/162/154 48/47/154 204/46/154 205/465/154 196/464/154
f 199/501/155 232/502/155 233/175/155 55/174/155 56/161/155 198/164/155
f 235/503/156 336/504/156 337/211/156 53/210/156 54/173/156 234/176/156
f 50/79/157 296/78/157 297/409/157 214/412/157 215/45/157 49/48/157
f 52/209/158 338/212/158 339/349/158 306/352/158 307/77/158 51/80/158
f 221/171/159 57/170/159 58/55/159 228/54/159 229/453/159 220/452/159
f 223/449/160 244/448/160 245/179/160 65/178/160 66/169/160 222/172/160
f 247/391/161 360/390/161 361/219/161 63/218/161 64/177/161 246/180/161
f 60/87/162 320/86/162 321/397/162 238/400/162 239/53/162 59/56/162
f 62/217/163 362/220/163 363/337/163 330/340/163 331/85/163 61/88/163
f 176/155/164 67/154/164 68/39/164 183/38/164 184/477/164 175/476/164
f 178/439/165 268/438/165 269/187/165 75/186/165 76/153/165 177/156/165
f 191/37/166 69/40/166 70/59/166 240/58/166 241/442/166 190/441/166
f 72/95/167 344/94/167 345/385/167 250/388/167 251/57/167 71/60/167
f 74/185/168 270/188/168 271/325/168 354/328/168 355/93/168 73/96/168
f 279/191/169 77/190/169 78/75/169 286/74/169 287/419/169 278/418/169
f 281/367/170 384/366/170 385/227/170 85/226/170 86/189/170 280/192/170
f 295/73/171 79/76/171 80/103/171 368/102/171 369/371/171 294/370/171
f 82/123/172 428/122/172 429/313/172 378/316/172 379/101/172 81/104/172
f 387/307/173 438/306/173 439/121/173 83/124/173 84/225/173 386/228/173
f 301/199/174 87/198/174 88/83/174 308/82/174 309/407/174 300/406/174
f 303/355/175 396/354/175 397/231/175 95/230/175 96/197/175 302/200/175
f 319/81/176 89/84/176 90/107/176 380/106/176 381/359/176 318/358/176
f 92/131/177 965/130/177 966/301/177 390/304/177 391/105/177 91/108/177
f 399/295/178 975/294/178 964/129/178 93/132/178 94/229/178 398/232/178
f 325/207/179 97/206/179 98/91/179 332/90/179 333/395/179 324/394/179
f 327/343/180 408/342/180 409/235/180 105/234/180 106/205/180 326/208/180
f 343/505/181 99/506/181 100/111/181 392/110/181 393/347/181 342/346/181
f 102/135/182 460/134/182 461/507/182 402/508/182 403/509/182 101/510/182
f 411/283/183 470/282/183 471/133/183 103/136/183 104/233/183 410/236/183
f 349/215/184 107/214/184 108/99/184 356/98/184 357/383/184 348/382/184
f 351/331/185 420/330/185 421/239/185 115/238/185 116/213/185 350/216/185
f 367/97/186 109/100/186 110/115/186 404/114/186 405/335/186 366/334/186
f 112/139/187 472/138/187 473/277/187 414/280/187 415/113/187 111/116/187
f 423/271/188 482/270/188 483/137/188 113/140/188 114/237/188 422/240/188
f 257/183/189 117/182/189 118/67/189 264/66/189 265/431/189 256/430/189
f 259/379/190 372/378/190 373/223/190 125/222/190 126/181/190 258/184/190
f 375/319/191 444/318/191 445/247/191 123/246/191 124/221/191 374/224/191
f 275/65/192 119/68/192 120/119/192 416/118/192 417/323/192 274/322/192
f 122/245/193 446/248/193 447/265/193 426/268/193 427/117/193 121/120/193
f 433/243/194 135/242/194 136/127/194 440/126/194 441/311/194 432/310/194
f 970/251/195 133/250/195 134/241/195 434/244/195 435/299/195 969/298/195
f 465/255/196 131/254/196 132/249/196 971/252/196 972/287/196 464/286/196
f 477/259/197 129/258/197 130/253/197 466/256/197 467/275/197 476/274/197
f 451/125/198 127/128/198 128/257/198 478/260/198 479/263/198 450/262/198
f 195/463/199 206/466/199 207/471/199 145/474/199 146/469/199 194/468/199
f 140/485/200 163/488/200 164/493/200 151/496/200 152/491/200 139/490/200
f 174/475/201 1/18/201 2/17/201 157/484/201 158/480/201 173/479/201
f 255/429/202 266/432/202 267/437/202 179/440/202 180/435/202 254/434/202
f 3/13/203 242/443/203 243/447/203 224/450/203 225/445/203 189/14/203
f 219/451/204 230/454/204 231/459/204 200/462/204 201/457/204 218/456/204
f 299/405/205 310/408/205 311/413/205 212/416/205 213/411/205 298/410/205
f 323/393/206 334/396/206 335/401/206 236/404/206 237/399/206 322/398/206
f 347/381/207 358/384/207 359/389/207 248/392/207 249/387/207 346/386/207
f 293/369/208 370/372/208 371/377/208 260/380/208 261/375/208 292/374/208
f 273/321/209 418/324/209 419/329/209 352/332/209 353/327/209 272/326/209
f 317/357/210 382/360/210 383/365/210 282/368/210 283/363/210 316/362/210
f 341/345/211 394/348/211 395/353/211 304/356/211 305/351/211 340/350/211
f 365/333/212 406/336/212 407/341/212 328/344/212 329/339/212 364/338/212
f 431/309/213 442/312/213 443/317/213 376/320/213 377/315/213 430/314/213
f 968/297/214 436/300/214 437/305/214 388/308/214 389/303/214 967/302/214
f 463/285/215 973/288/215 974/293/215 400/296/215 401/291/215 462/290/215
f 475/273/216 468/276/216 469/281/216 412/284/216 413/279/216 474/278/216
f 449/261/217 480/264/217 481/269/217 424/272/217 425/267/217 448/266/217
f 615/511/218 486/512/218 485/513/218 604/514/218
f 627/515/219 496/516/219 495/517/219 616/518/219
f 639/519/220 506/520/220 505/521/220 628/522/220
f 651/523/221 498/524/221 497/525/221 640/526/221
f 663/527/222 536/528/222 535/529/222 652/530/222
f 675/531/223 488/532/223 487/533/223 664/534/223
f 687/535/224 516/536/224 515/537/224 676/538/224
f 699/539/225 490/540/225 489/541/225 688/542/225
f 711/543/226 526/544/226 525/545/226 700/546/226
f 723/547/227 538/548/227 537/549/227 712/550/227
f 735/551/228 500/552/228 499/553/228 724/554/228
f 747/555/229 586/556/229 585/557/229 736/558/229
f 759/559/230 508/560/230 507/561/230 748/562/230
f 771/563/231 546/564/231 545/565/231 760/566/231
f 783/567/232 518/568/232 517/569/232 772/570/232
f 795/571/233 556/572/233 555/573/233 784/574/233
f 807/575/234 528/576/234 527/577/234 796/578/234
f 819/579/235 566/580/235 565/581/235 808/582/235
f 831/583/236 540/584/236 539/585/236 820/586/236
f 843/587/237 576/588/237 575/589/237 832/590/237
f 855/591/238 548/592/238 547/593/238 844/594/238
f 867/595/239 558/596/239 557/597/239 856/598/239
f 879/599/240 568/600/240 567/601/240 868/602/240
f 891/603/241 578/604/241 577/605/241 880/606/241
f 903/607/242 588/608/242 587/609/242 892/610/242
f 915/611/243 550/612/243 549/613/243 904/614/243
f 927/615/244 594/616/244 603/617/244 916/618/244
f 939/619/245 560/620/245 559/621/245 928/622/245
f 951/623/246 570/624/246 569/625/246 940/626/246
f 963/627/247 580/628/247 579/629/247 952/630/247
f 513/631/248 610/632/248 609/633/248 504/634/248
f 493/635/249 622/636/249 621/637/249 484/638/249
f 503/639/250 634/640/250 633/641/250 494/642/250
f 543/643/251 646/644/251 645/645/251 534/646/251
f 491/647/252 658/648/252 657/649/252 492/650/252
f 523/651/253 670/652/253 669/653/253 514/654/253
f 511/655/254 682/656/254 681/657/254 512/658/254
f 533/659/255 694/660/255 693/661/255 524/662/255
f 521/663/256 706/664/256 705/665/256 522/666/256
f 531/667/257 718/668/257 717/669/257 532/670/257
f 593/671/258 730/672/258 729/673/258 584/674/258
f 541/675/259 742/676/259 741/677/259 542/678/259
f 553/679/260 754/680/260 753/681/260 544/682/260
f 501/683/261 766/684/261 765/685/261 502/686/261
f 563/687/262 778/688/262 777/689/262 554/690/262
f 509/691/263 790/692/263 789/693/263 510/694/263
f 573/695/264 802/696/264 801/697/264 564/698/264
f 519/699/265 814/700/265 813/701/265 520/702/265
f 583/703/266 826/704/266 825/705/266 574/706/266
f 529/707/267 838/708/267 837/709/267 530/710/267
f 591/711/268 850/712/268 849/713/268 592/714/268
f 551/715/269 862/716/269 861/717/269 552/718/269
f 561/719/270 874/720/270 873/721/270 562/722/270
f 571/723/271 886/724/271 885/725/271 572/726/271
f 581/727/272 898/728/272 897/729/272 582/730/272
f 601/731/273 910/732/273 909/733/273 602/734/273
f 589/735/274 922/736/274 921/737/274 590/738/274
f 599/739/275 934/740/275 933/741/275 600/742/275
f 597/743/276 946/744/276 945/745/276 598/746/276
f 595/747/277 958/748/277 957/749/277 596/750/277
f 925/751/131 960/752/131 959/753/131 926/754/131
f 923/755/130 902/756/130 901/757/130 924/758/130
f 961/759/278 900/760/278 899/761/278 962/762/278
f 955/763/137 948/764/137 947/765/137 956/766/137
f 953/767/279 890/768/279 889/769/279 954/770/279
f 949/771/138 888/772/138 887/773/138 950/774/138
f 943/775/280 936/776/280 935/777/280 944/778/280
f 941/779/134 878/780/134 877/781/134 942/782/134
f 937/783/133 876/784/133 875/785/133 938/786/133
f 931/787/125 912/788/125 911/789/125 932/790/125
f 929/791/124 866/792/124 865/793/124 930/794/124
f 913/795/281 864/796/281 863/797/281 914/798/281
f 907/799/128 918/800/128 917/801/128 908/802/128
f 905/803/282 854/804/282 853/805/282 906/806/282
f 919/807/129 852/808/129 851/809/129 920/810/129
f 745/811/283 894/812/283 893/813/283 746/814/283
f 743/815/284 830/816/284 829/817/284 744/818/284
f 895/819/285 828/820/285 827/821/285 896/822/285
f 841/823/286 882/824/286 881/825/286 842/826/286
f 839/827/287 806/828/287 805/829/287 840/830/287
f 883/831/288 804/832/288 803/833/288 884/834/288
f 817/835/289 870/836/289 869/837/289 818/838/289
f 815/839/290 782/840/290 781/841/290 816/842/290
f 871/843/291 780/844/291 779/845/291 872/846/291
f 793/847/292 858/848/292 857/849/292 794/850/292
f 791/851/293 758/852/293 757/853/293 792/854/293
f 859/855/294 756/856/294 755/857/294 860/858/294
f 769/859/295 846/860/295 845/861/295 770/862/295
f 767/863/296 734/864/296 733/865/296 768/866/296
f 847/867/297 732/868/297 731/869/297 848/870/297
f 823/871/298 834/872/298 833/873/298 824/874/298
f 821/875/299 722/876/299 721/877/299 822/878/299
f 835/879/300 720/880/300 719/881/300 836/882/300
f 799/883/301 810/884/301 809/885/301 800/886/301
f 797/887/302 710/888/302 709/889/302 798/890/302
f 811/891/303 708/892/303 707/893/303 812/894/303
f 775/895/304 786/896/304 785/897/304 776/898/304
f 773/899/305 686/900/305 685/901/305 774/902/305
f 787/903/306 684/904/306 683/905/306 788/906/306
f 751/907/307 762/908/307 761/909/307 752/910/307
f 749/911/308 638/912/308 637/913/308 750/914/308
f 763/915/309 636/916/309 635/917/309 764/918/309
f 727/919/310 738/920/310 737/921/310 728/922/310
f 725/923/311 650/924/311 649/925/311 726/926/311
f 739/927/312 648/928/312 647/929/312 740/930/312
f 661/931/89 714/932/89 713/933/89 662/934/89
f 659/935/88 698/936/88 697/937/88 660/938/88
f 715/939/313 696/940/313 695/941/313 716/942/313
f 691/943/314 702/944/314 701/945/314 692/946/314
f 689/947/91 674/948/91 673/949/91 690/950/91
f 703/951/93 672/952/93 671/953/93 704/954/93
f 667/955/80 678/956/80 677/957/80 668/958/80
f 665/959/79 614/960/79 613/961/79 666/962/79
f 679/963/315 612/964/315 611/965/315 680/966/315
f 643/967/87 654/968/87 653/969/87 644/970/87
f 641/971/86 626/972/86 625/973/86 642/974/86
f 655/975/316 624/976/316 623/977/316 656/978/316
f 607/979/317 630/980/317 629/981/317 608/982/317
f 605/983/82 620/984/82 619/985/82 606/986/82
f 631/987/84 618/988/84 617/989/84 632/990/84
f 487/533/318 486/512/318 615/511/318 614/960/318 665/959/318 664/534/318
f 489/541/319 488/991/319 675/992/319 674/948/319 689/947/319 688/542/319
f 491/647/320 490/540/320 699/539/320 698/936/320 659/935/320 658/648/320
f 485/513/321 484/993/321 621/994/321 620/984/321 605/983/321 604/514/321
f 623/977/322 622/636/322 493/635/322 492/650/322 657/649/322 656/978/322
f 617/989/323 616/518/323 495/517/323 494/642/323 633/641/323 632/990/323
f 635/917/324 634/640/324 503/639/324 502/686/324 765/685/324 764/918/324
f 497/525/325 496/516/325 627/515/325 626/972/325 641/971/325 640/526/325
f 499/553/326 498/524/326 651/523/326 650/924/326 725/923/326 724/554/326
f 501/683/327 500/552/327 735/551/327 734/864/327 767/863/327 766/684/327
f 609/633/328 608/982/328 629/981/328 628/522/328 505/521/328 504/634/328
f 611/965/329 610/632/329 513/631/329 512/658/329 681/657/329 680/966/329
f 683/905/330 682/656/330 511/655/330 510/694/330 789/693/330 788/906/330
f 507/561/331 506/520/331 639/519/331 638/912/331 749/911/331 748/562/331
f 509/691/332 508/560/332 759/559/332 758/852/332 791/851/332 790/692/332
f 669/653/333 668/958/333 677/957/333 676/538/333 515/537/333 514/654/333
f 671/995/334 670/652/334 523/651/334 522/666/334 705/665/334 704/996/334
f 707/997/335 706/664/335 521/663/335 520/702/335 813/701/335 812/998/335
f 517/569/336 516/536/336 687/535/336 686/900/336 773/899/336 772/570/336
f 519/699/337 518/568/337 783/567/337 782/840/337 815/839/337 814/700/337
f 693/661/338 692/946/338 701/945/338 700/546/338 525/545/338 524/662/338
f 695/941/339 694/660/339 533/659/339 532/670/339 717/669/339 716/942/339
f 719/881/340 718/668/340 531/667/340 530/710/340 837/709/340 836/882/340
f 527/577/341 526/544/341 711/543/341 710/888/341 797/887/341 796/578/341
f 529/707/342 528/576/342 807/575/342 806/828/342 839/827/342 838/708/342
f 645/645/343 644/970/343 653/969/343 652/530/343 535/529/343 534/646/343
f 647/929/344 646/644/344 543/643/344 542/678/344 741/677/344 740/930/344
f 663/527/345 662/934/345 713/933/345 712/550/345 537/549/345 536/528/345
f 539/585/346 538/548/346 723/547/346 722/876/346 821/875/346 820/586/346
f 541/675/347 540/584/347 831/583/347 830/816/347 743/815/347 742/676/347
f 753/681/348 752/910/348 761/909/348 760/566/348 545/565/348 544/682/348
f 755/857/349 754/680/349 553/679/349 552/718/349 861/717/349 860/858/349
f 771/563/350 770/862/350 845/861/350 844/594/350 547/593/350 546/564/350
f 549/613/351 548/592/351 855/591/351 854/804/351 905/803/351 904/614/351
f 863/797/352 862/716/352 551/715/352 550/612/352 915/611/352 914/798/352
f 777/689/353 776/898/353 785/897/353 784/574/353 555/573/353 554/690/353
f 779/845/354 778/688/354 563/687/354 562/722/354 873/721/354 872/846/354
f 795/571/355 794/850/355 857/849/355 856/598/355 557/597/355 556/572/355
f 559/621/356 558/596/356 867/595/356 866/792/356 929/791/356 928/622/356
f 875/785/357 874/720/357 561/719/357 560/620/357 939/619/357 938/786/357
f 801/697/358 800/886/358 809/885/358 808/582/358 565/581/358 564/698/358
f 803/833/359 802/696/359 573/695/359 572/726/359 885/725/359 884/834/359
f 819/999/360 818/838/360 869/837/360 868/602/360 567/601/360 566/1000/360
f 569/625/361 568/1001/361 879/1002/361 878/1003/361 941/1004/361 940/626/361
f 887/773/362 886/724/362 571/723/362 570/624/362 951/623/362 950/774/362
f 825/705/363 824/874/363 833/873/363 832/590/363 575/589/363 574/706/363
f 827/821/364 826/704/364 583/703/364 582/730/364 897/729/364 896/822/364
f 843/587/365 842/826/365 881/825/365 880/606/365 577/605/365 576/588/365
f 579/629/366 578/604/366 891/603/366 890/768/366 953/767/366 952/630/366
f 899/761/367 898/728/367 581/727/367 580/628/367 963/627/367 962/762/367
f 729/673/368 728/922/368 737/921/368 736/558/368 585/557/368 584/674/368
f 731/869/369 730/672/369 593/671/369 592/714/369 849/713/369 848/870/369
f 851/809/370 850/712/370 591/711/370 590/738/370 921/737/370 920/810/370
f 747/555/371 746/814/371 893/813/371 892/610/371 587/609/371 586/556/371
f 589/735/372 588/608/372 903/607/372 902/756/372 923/755/372 922/736/372
f 909/733/373 908/802/373 917/801/373 916/618/373 603/617/373 602/734/373
f 933/741/374 932/790/374 911/789/374 910/732/374 601/731/374 600/742/374
f 945/745/375 944/778/375 935/777/375 934/740/375 599/739/375 598/746/375
f 957/749/376 956/766/376 947/765/376 946/744/376 597/743/376 596/750/376
f 927/615/377 926/754/377 959/753/377 958/748/377 595/747/377 594/616/377
f 667/955/217 666/962/217 613/961/217 612/964/217 679/963/217 678/956/217
f 607/979/216 606/986/216 619/985/216 618/988/216 631/987/216 630/980/216
f 643/967/215 642/974/215 625/973/215 624/976/215 655/975/215 654/968/215
f 751/907/212 750/914/212 637/913/212 636/916/212 763/915/212 762/908/212
f 727/919/211 726/926/211 649/925/211 648/928/211 739/927/211 738/920/211
f 661/931/214 660/938/214 697/937/214 696/940/214 715/939/214 714/932/214
f 691/943/213 690/950/213 673/949/213 672/952/213 703/951/213 702/944/213
f 775/895/209 774/902/209 685/901/209 684/904/209 787/903/209 786/896/209
f 799/883/208 798/890/208 709/889/208 708/892/208 811/891/208 810/884/208
f 823/871/210 822/878/210 721/877/210 720/880/210 835/879/210 834/872/210
f 769/859/206 768/866/206 733/865/206 732/868/206 847/867/206 846/860/206
f 745/811/205 744/818/205 829/817/205 828/820/205 895/819/205 894/812/205
f 793/847/207 792/854/207 757/853/207 756/856/207 859/855/207 858/848/207
f 817/835/202 816/842/202 781/841/202 780/844/202 871/843/202 870/836/202
f 841/823/378 840/830/378 805/829/378 804/832/378 883/831/378 882/824/378
f 907/799/204 906/806/204 853/805/204 852/808/204 919/807/204 918/800/204
f 931/787/203 930/794/203 865/793/203 864/796/203 913/795/203 912/788/203
f 943/775/201 942/782/201 877/781/201 876/784/201 937/783/201 936/776/201
f 955/763/200 954/770/200 889/769/200 888/772/200 949/771/200 948/764/200
f 925/751/199 924/758/199 901/757/199 900/760/199 961/759/199 960/752/199
f 363/337/379 362/220/379 838/708/379 839/827/379
f 166/151/380 165/494/380 632/990/380 633/641/380
f 364/338/381 363/337/381 839/827/381 840/830/381
f 167/152/382 166/151/382 633/641/382 634/640/382
f 365/333/383 364/338/383 840/830/383 841/823/383
f 168/427/384 167/152/384 634/640/384 635/917/384
f 366/334/385 365/333/385 841/823/385 842/826/385
f 987/428/386 168/427/386 635/917/386 636/916/386
f 367/97/387 366/334/387 842/826/387 843/587/387
f 988/423/388 987/428/388 636/916/388 637/913/388
f 368/102/389 379/101/389 855/591/389 844/594/389
f 169/424/390 988/423/390 637/913/390 638/912/390
f 369/371/391 368/102/391 844/594/391 845/861/391
f 170/29/392 169/424/392 638/912/392 639/519/392
f 370/372/393 369/371/393 845/861/393 846/860/393
f 171/34/394 182/33/394 651/523/394 640/526/394
f 371/377/395 370/372/395 846/860/395 847/867/395
f 172/478/396 171/34/396 640/526/396 641/971/396
f 372/378/397 371/377/397 847/867/397 848/870/397
f 173/479/398 172/478/398 641/971/398 642/974/398
f 373/223/399 372/378/399 848/870/399 849/713/399
f 174/475/400 173/479/400 642/974/400 643/967/400
f 374/224/401 373/223/401 849/713/401 850/712/401
f 175/476/402 174/475/402 643/967/402 644/970/402
f 375/319/403 374/224/403 850/712/403 851/809/403
f 176/155/404 175/476/404 644/970/404 645/645/404
f 376/320/405 375/319/405 851/809/405 852/808/405
f 177/156/406 176/155/406 645/645/406 646/644/406
f 377/315/407 376/320/407 852/808/407 853/805/407
f 178/439/408 177/156/408 646/644/408 647/929/408
f 378/316/409 377/315/409 853/805/409 854/804/409
f 179/440/410 178/439/410 647/929/410 648/928/410
f 379/101/411 378/316/411 854/804/411 855/591/411
f 180/435/412 179/440/412 648/928/412 649/925/412
f 380/106/413 391/105/413 867/595/413 856/598/413
f 181/436/414 180/435/414 649/925/414 650/924/414
f 381/359/415 380/106/415 856/598/415 857/849/415
f 182/33/416 181/436/416 650/924/416 651/523/416
f 382/360/417 381/359/417 857/849/417 858/848/417
f 977/1005/418 976/1006/418 663/527/418 652/530/418
f 383/365/419 382/360/419 858/848/419 859/855/419
f 978/1007/420 977/1005/420 652/530/420 653/969/420
f 384/366/421 383/365/421 859/855/421 860/858/421
f 979/19/422 978/1007/422 653/969/422 654/968/422
f 385/227/423 384/366/423 860/858/423 861/717/423
f 980/20/10 979/19/10 654/968/10 655/975/10
f 386/228/424 385/227/424 861/717/424 862/716/424
f 981/1008/425 980/20/425 655/975/425 656/978/425
f 387/307/426 386/228/426 862/716/426 863/797/426
f 982/1009/427 981/1008/427 656/978/427 657/649/427
f 388/308/428 387/307/428 863/797/428 864/796/428
f 983/1010/429 982/1009/429 657/649/429 658/648/429
f 389/303/430 388/308/430 864/796/430 865/793/430
f 984/1011/431 983/1010/431 658/648/431 659/935/431
f 390/304/432 389/303/432 865/793/432 866/792/432
f 985/15/433 984/1011/433 659/935/433 660/938/433
f 391/105/434 390/304/434 866/792/434 867/595/434
f 16/16/435 985/15/435 660/938/435 661/931/435
f 392/110/436 403/109/436 879/599/436 868/602/436
f 986/1012/437 16/16/437 661/931/437 662/934/437
f 393/347/438 392/110/438 868/602/438 869/837/438
f 976/1006/439 986/1012/439 662/934/439 663/527/439
f 394/348/440 393/347/440 869/837/440 870/836/440
f 192/42/441 203/41/441 675/531/441 664/534/441
f 395/353/442 394/348/442 870/836/442 871/843/442
f 193/467/443 192/42/443 664/534/443 665/959/443
f 396/354/444 395/353/444 871/843/444 872/846/444
f 194/468/445 193/467/445 665/959/445 666/962/445
f 397/231/446 396/354/446 872/846/446 873/721/446
f 195/463/447 194/468/447 666/962/447 667/955/447
f 398/232/448 397/231/448 873/721/448 874/720/448
f 196/464/449 195/463/449 667/955/449 668/958/449
f 399/295/450 398/232/450 874/720/450 875/785/450
f 197/163/451 196/464/451 668/958/451 669/653/451
f 400/296/452 399/295/452 875/785/452 876/784/452
f 198/164/453 197/163/453 669/653/453 670/652/453
f 401/291/454 400/296/454 876/784/454 877/781/454
f 199/501/455 198/164/455 670/652/455 671/995/455
f 402/292/456 401/291/456 877/781/456 878/780/456
f 200/462/457 199/461/457 671/953/457 672/952/457
f 403/109/458 402/292/458 878/780/458 879/599/458
f 201/457/459 200/462/459 672/952/459 673/949/459
f 404/114/460 415/113/460 891/603/460 880/606/460
f 202/458/461 201/457/461 673/949/461 674/948/461
f 405/335/462 404/114/462 880/606/462 881/825/462
f 203/497/463 202/458/463 674/948/463 675/992/463
f 406/336/464 405/335/464 881/825/464 882/824/464
f 204/46/465 215/45/465 687/535/465 676/538/465
f 407/341/466 406/336/466 882/824/466 883/831/466
f 205/465/467 204/46/467 676/538/467 677/957/467
f 408/342/468 407/341/468 883/831/468 884/834/468
f 206/466/469 205/465/469 677/957/469 678/956/469
f 409/235/470 408/342/470 884/834/470 885/725/470
f 207/471/471 206/466/471 678/956/471 679/963/471
f 410/236/472 409/235/472 885/725/472 886/724/472
f 208/472/473 207/471/473 679/963/473 680/966/473
f 411/283/474 410/236/474 886/724/474 887/773/474
f 209/167/475 208/472/475 680/966/475 681/657/475
f 412/284/476 411/283/476 887/773/476 888/772/476
f 210/168/477 209/167/477 681/657/477 682/656/477
f 413/279/478 412/284/478 888/772/478 889/769/478
f 211/415/479 210/168/479 682/656/479 683/905/479
f 414/280/480 413/279/480 889/769/480 890/768/480
f 212/416/481 211/415/481 683/905/481 684/904/481
f 415/113/482 414/280/482 890/768/482 891/603/482
f 213/411/483 212/416/483 684/904/483 685/901/483
f 416/118/484 427/117/484 903/607/484 892/610/484
f 214/412/485 213/411/485 685/901/485 686/900/485
f 417/323/486 416/118/486 892/610/486 893/813/486
f 215/45/487 214/412/487 686/900/487 687/535/487
f 418/324/488 417/323/488 893/813/488 894/812/488
f 216/50/489 227/49/489 699/539/489 688/542/489
f 419/329/490 418/324/490 894/812/490 895/819/490
f 217/455/491 216/50/491 688/542/491 689/947/491
f 420/330/492 419/329/492 895/819/492 896/822/492
f 218/456/493 217/455/493 689/947/493 690/950/493
f 17/146/494 26/145/494 493/635/494 484/638/494
f 421/239/495 420/330/495 896/822/495 897/729/495
f 219/451/496 218/456/496 690/950/496 691/943/496
f 18/23/497 17/500/497 484/993/497 485/513/497
f 422/240/498 421/239/498 897/729/498 898/728/498
f 220/452/499 219/451/499 691/943/499 692/946/499
f 19/24/500 18/23/500 485/513/500 486/512/500
f 423/271/501 422/240/501 898/728/501 899/761/501
f 221/171/502 220/452/502 692/946/502 693/661/502
f 20/43/503 19/24/503 486/512/503 487/533/503
f 424/272/504 423/271/504 899/761/504 900/760/504
f 222/172/505 221/171/505 693/661/505 694/660/505
f 21/44/506 20/43/506 487/533/506 488/532/506
f 425/267/507 424/272/507 900/760/507 901/757/507
f 223/449/508 222/172/508 694/660/508 695/941/508
f 22/51/509 21/498/509 488/991/509 489/541/509
f 426/268/510 425/267/510 901/757/510 902/756/510
f 224/450/511 223/449/511 695/941/511 696/940/511
f 23/52/512 22/51/512 489/541/512 490/540/512
f 427/117/513 426/268/513 902/756/513 903/607/513
f 225/445/514 224/450/514 696/940/514 697/937/514
f 24/157/515 23/52/515 490/540/515 491/647/515
f 428/122/516 439/121/516 915/611/516 904/614/516
f 226/446/517 225/445/517 697/937/517 698/936/517
f 25/158/518 24/157/518 491/647/518 492/650/518
f 429/313/519 428/122/519 904/614/519 905/803/519
f 227/49/520 226/446/520 698/936/520 699/539/520
f 26/145/521 25/158/521 492/650/521 493/635/521
f 430/314/522 429/313/522 905/803/522 906/806/522
f 228/54/523 239/53/523 711/543/523 700/546/523
f 27/150/472 36/149/472 503/639/472 494/642/472
f 431/309/524 430/314/524 906/806/524 907/799/524
f 229/453/525 228/54/525 700/546/525 701/945/525
f 28/27/526 27/150/526 494/642/526 495/517/526
f 432/310/527 431/309/527 907/799/527 908/802/527
f 230/454/528 229/453/528 701/945/528 702/944/528
f 29/28/529 28/27/529 495/517/529 496/516/529
f 433/243/530 432/310/530 908/802/530 909/733/530
f 231/459/531 230/454/531 702/944/531 703/951/531
f 30/35/532 29/28/532 496/516/532 497/525/532
f 434/244/533 433/243/533 909/733/533 910/732/533
f 232/460/534 231/459/534 703/951/534 704/954/534
f 31/36/535 30/35/535 497/525/535 498/524/535
f 435/299/536 434/244/536 910/732/536 911/789/536
f 233/175/537 232/502/537 704/996/537 705/665/537
f 32/63/538 31/36/538 498/524/538 499/553/538
f 436/300/539 435/299/539 911/789/539 912/788/539
f 234/176/540 233/175/540 705/665/540 706/664/540
f 33/64/541 32/63/541 499/553/541 500/552/541
f 437/305/542 436/300/542 912/788/542 913/795/542
f 235/503/543 234/176/543 706/664/543 707/997/543
f 34/193/544 33/64/544 500/552/544 501/683/544
f 438/306/545 437/305/545 913/795/545 914/798/545
f 236/404/546 235/403/546 707/893/546 708/892/546
f 35/194/547 34/193/547 501/683/547 502/686/547
f 439/121/548 438/306/548 914/798/548 915/611/548
f 237/399/549 236/404/549 708/892/549 709/889/549
f 36/149/550 35/194/550 502/686/550 503/639/550
f 440/126/506 451/125/506 927/615/506 916/618/506
f 238/400/551 237/399/551 709/889/551 710/888/551
f 37/142/552 46/141/552 513/631/552 504/634/552
f 441/311/553 440/126/553 916/618/553 917/801/553
f 239/53/554 238/400/554 710/888/554 711/543/554
f 38/31/555 37/142/555 504/634/555 505/521/555
f 442/312/556 441/311/556 917/801/556 918/800/556
f 240/58/557 251/57/557 723/547/557 712/550/557
f 39/32/460 38/31/460 505/521/460 506/520/460
f 443/317/558 442/312/558 918/800/558 919/807/558
f 241/442/559 240/58/559 712/550/559 713/933/559
f 40/71/560 39/32/560 506/520/560 507/561/560
f 444/318/561 443/317/561 919/807/561 920/810/561
f 242/443/562 241/442/562 713/933/562 714/932/562
f 41/72/563 40/71/563 507/561/563 508/560/563
f 445/247/564 444/318/564 920/810/564 921/737/564
f 243/447/565 242/443/565 714/932/565 715/939/565
f 42/201/566 41/72/566 508/560/566 509/691/566
f 446/248/567 445/247/567 921/737/567 922/736/567
f 244/448/568 243/447/568 715/939/568 716/942/568
f 43/202/569 42/201/569 509/691/569 510/694/569
f 447/265/570 446/248/570 922/736/570 923/755/570
f 245/179/571 244/448/571 716/942/571 717/669/571
f 44/165/572 43/202/572 510/694/572 511/655/572
f 448/266/573 447/265/573 923/755/573 924/758/573
f 246/180/574 245/179/574 717/669/574 718/668/574
f 45/166/498 44/165/498 511/655/498 512/658/498
f 449/261/575 448/266/575 924/758/575 925/751/575
f 247/391/576 246/180/576 718/668/576 719/881/576
f 46/141/577 45/166/577 512/658/577 513/631/577
f 450/262/578 449/261/578 925/751/578 926/754/578
f 248/392/579 247/391/579 719/881/579 720/880/579
f 47/162/567 56/161/567 523/651/567 514/654/567
f 451/125/580 450/262/580 926/754/580 927/615/580
f 249/387/581 248/392/581 720/880/581 721/877/581
f 48/47/582 47/162/582 514/654/582 515/537/582
f 965/130/583 964/129/583 939/619/583 928/622/583
f 250/388/584 249/387/584 721/877/584 722/876/584
f 49/48/484 48/47/484 515/537/484 516/536/484
f 966/301/585 965/130/585 928/622/585 929/791/585
f 251/57/586 250/388/586 722/876/586 723/547/586
f 50/79/587 49/48/587 516/536/587 517/569/587
f 967/302/588 966/301/588 929/791/588 930/794/588
f 252/62/589 263/61/589 735/551/589 724/554/589
f 51/80/590 50/79/590 517/569/590 518/568/590
f 968/297/591 967/302/591 930/794/591 931/787/591
f 253/433/592 252/62/592 724/554/592 725/923/592
f 52/209/593 51/80/593 518/568/593 519/699/593
f 969/298/594 968/297/594 931/787/594 932/790/594
f 254/434/595 253/433/595 725/923/595 726/926/595
f 53/210/596 52/209/596 519/699/596 520/702/596
f 970/251/597 969/298/597 932/790/597 933/741/597
f 255/429/598 254/434/598 726/926/598 727/919/598
f 54/173/599 53/210/599 520/702/599 521/663/599
f 971/252/518 970/251/518 933/741/518 934/740/518
f 256/430/600 255/429/600 727/919/600 728/922/600
f 55/174/601 54/173/601 521/663/601 522/666/601
f 972/287/602 971/252/602 934/740/602 935/777/602
f 257/183/603 256/430/603 728/922/603 729/673/603
f 56/161/604 55/174/604 522/666/604 523/651/604
f 973/288/605 972/287/605 935/777/605 936/776/605
f 258/184/596 257/183/596 729/673/596 730/672/596
f 57/170/516 66/169/516 533/659/516 524/662/516
f 974/293/606 973/288/606 936/776/606 937/783/606
f 259/379/607 258/184/607 730/672/607 731/869/607
f 58/55/608 57/170/608 524/662/608 525/545/608
f 975/294/609 974/293/609 937/783/609 938/786/609
f 260/380/610 259/379/610 731/869/610 732/868/610
f 59/56/389 58/55/389 525/545/389 526/544/389
f 964/129/611 975/294/611 938/786/611 939/619/611
f 261/375/612 260/380/612 732/868/612 733/865/612
f 60/87/613 59/56/613 526/544/613 527/577/613
f 460/134/529 471/133/529 951/623/529 940/626/529
f 262/376/614 261/375/614 733/865/614 734/864/614
f 61/88/615 60/87/615 527/577/615 528/576/615
f 461/507/616 460/134/616 940/626/616 941/1004/616
f 263/61/617 262/376/617 734/864/617 735/551/617
f 62/217/618 61/88/618 528/576/618 529/707/618
f 462/290/619 461/289/619 941/779/619 942/782/619
f 264/66/590 275/65/590 747/555/590 736/558/590
f 63/218/620 62/217/620 529/707/620 530/710/620
f 463/285/621 462/290/621 942/782/621 943/775/621
f 265/431/622 264/66/622 736/558/622 737/921/622
f 64/177/623 63/218/623 530/710/623 531/667/623
f 464/286/624 463/285/624 943/775/624 944/778/624
f 266/432/625 265/431/625 737/921/625 738/920/625
f 65/178/424 64/177/424 531/667/424 532/670/424
f 465/255/626 464/286/626 944/778/626 945/745/626
f 267/437/627 266/432/627 738/920/627 739/927/627
f 66/169/628 65/178/628 532/670/628 533/659/628
f 466/256/494 465/255/494 945/745/494 946/744/494
f 268/438/629 267/437/629 739/927/629 740/930/629
f 67/154/630 76/153/630 543/643/630 534/646/630
f 467/275/631 466/256/631 946/744/631 947/765/631
f 269/187/632 268/438/632 740/930/632 741/677/632
f 68/39/633 67/154/633 534/646/633 535/529/633
f 468/276/634 467/275/634 947/765/634 948/764/634
f 270/188/635 269/187/635 741/677/635 742/676/635
f 69/40/583 68/39/583 535/529/583 536/528/583
f 469/281/636 468/276/636 948/764/636 949/771/636
f 271/325/637 270/188/637 742/676/637 743/815/637
f 70/59/638 69/40/638 536/528/638 537/549/638
f 470/282/639 469/281/639 949/771/639 950/774/639
f 272/326/640 271/325/640 743/815/640 744/818/640
f 71/60/413 70/59/413 537/549/413 538/548/413
f 471/133/641 470/282/641 950/774/641 951/623/641
f 273/321/642 272/326/642 744/818/642 745/811/642
f 72/95/643 71/60/643 538/548/643 539/585/643
f 472/138/552 483/137/552 963/627/552 952/630/552
f 274/322/644 273/321/644 745/811/644 746/814/644
f 73/96/645 72/95/645 539/585/645 540/584/645
f 473/277/646 472/138/646 952/630/646 953/767/646
f 275/65/647 274/322/647 746/814/647 747/555/647
f 74/185/648 73/96/648 540/584/648 541/675/648
f 474/278/649 473/277/649 953/767/649 954/770/649
f 276/70/650 285/69/650 759/559/650 748/562/650
f 75/186/651 74/185/651 541/675/651 542/678/651
f 475/273/652 474/278/652 954/770/652 955/763/652
f 277/421/653 276/70/653 748/562/653 749/911/653
f 76/153/654 75/186/654 542/678/654 543/643/654
f 476/274/655 475/273/655 955/763/655 956/766/655
f 989/422/656 277/421/656 749/911/656 750/914/656
f 77/190/657 86/189/657 553/679/657 544/682/657
f 477/259/658 476/274/658 956/766/658 957/749/658
f 990/417/659 989/422/659 750/914/659 751/907/659
f 78/75/660 77/190/660 544/682/660 545/565/660
f 478/260/661 477/259/661 957/749/661 958/748/661
f 278/418/662 990/417/662 751/907/662 752/910/662
f 79/76/663 78/75/663 545/565/663 546/564/663
f 479/263/664 478/260/664 958/748/664 959/753/664
f 279/191/665 278/418/665 752/910/665 753/681/665
f 80/103/666 79/76/666 546/564/666 547/593/666
f 480/264/667 479/263/667 959/753/667 960/752/667
f 280/192/620 279/191/620 753/681/620 754/680/620
f 81/104/523 80/103/523 547/593/523 548/592/523
f 481/269/668 480/264/668 960/752/668 961/759/668
f 281/367/669 280/192/669 754/680/669 755/857/669
f 82/123/670 81/104/670 548/592/670 549/613/670
f 482/270/671 481/269/671 961/759/671 962/762/671
f 282/368/672 281/367/672 755/857/672 756/856/672
f 83/124/505 82/123/505 549/613/505 550/612/505
f 483/137/673 482/270/673 962/762/673 963/627/673
f 283/363/674 282/368/674 756/856/674 757/853/674
f 84/225/675 83/124/675 550/612/675 551/715/675
f 284/364/676 283/363/676 757/853/676 758/852/676
f 85/226/574 84/225/574 551/715/574 552/718/574
f 285/69/677 284/364/677 758/852/677 759/559/677
f 86/189/678 85/226/678 552/718/678 553/679/678
f 286/74/615 295/73/615 771/563/615 760/566/615
f 87/198/635 96/197/635 563/687/635 554/690/635
f 287/419/679 286/74/679 760/566/679 761/909/679
f 88/83/680 87/198/680 554/690/680 555/573/680
f 991/420/681 287/419/681 761/909/681 762/908/681
f 89/84/682 88/83/682 555/573/682 556/572/682
f 992/425/683 991/420/683 762/908/683 763/915/683
f 90/107/684 89/84/684 556/572/684 557/597/684
f 288/426/685 992/425/685 763/915/685 764/918/685
f 91/108/557 90/107/557 557/597/557 558/596/557
f 289/195/686 288/426/686 764/918/686 765/685/686
f 92/131/687 91/108/687 558/596/687 559/621/687
f 290/196/688 289/195/688 765/685/688 766/684/688
f 93/132/418 92/131/418 559/621/418 560/620/418
f 291/373/689 290/196/689 766/684/689 767/863/689
f 94/229/690 93/132/690 560/620/690 561/719/690
f 292/374/691 291/373/691 767/863/691 768/866/691
f 95/230/692 94/229/692 561/719/692 562/722/692
f 293/369/693 292/374/693 768/866/693 769/859/693
f 96/197/694 95/230/694 562/722/694 563/687/694
f 294/370/695 293/369/695 769/859/695 770/862/695
f 97/206/688 106/205/688 573/695/688 564/698/688
f 295/73/696 294/370/696 770/862/696 771/563/696
f 98/91/697 97/206/697 564/698/697 565/581/697
f 296/78/698 307/77/698 783/567/698 772/570/698
f 99/92/589 98/91/589 565/581/589 566/580/589
f 297/409/699 296/78/699 772/570/699 773/899/699
f 100/111/700 99/506/700 566/1000/700 567/601/700
f 298/410/701 297/409/701 773/899/701 774/902/701
f 101/112/702 100/111/702 567/601/702 568/600/702
f 299/405/703 298/410/703 774/902/703 775/895/703
f 102/135/704 101/510/704 568/1001/704 569/625/704
f 300/406/705 299/405/705 775/895/705 776/898/705
f 103/136/706 102/135/706 569/625/706 570/624/706
f 301/199/707 300/406/707 776/898/707 777/689/707
f 104/233/708 103/136/708 570/624/708 571/723/708
f 302/200/651 301/199/651 777/689/651 778/688/651
f 105/234/382 104/233/382 571/723/382 572/726/382
f 303/355/709 302/200/709 778/688/709 779/845/709
f 106/205/710 105/234/710 572/726/710 573/695/710
f 304/356/711 303/355/711 779/845/711 780/844/711
f 107/214/712 116/213/712 583/703/712 574/706/712
f 305/351/713 304/356/713 780/844/713 781/841/713
f 108/99/714 107/214/714 574/706/714 575/589/714
f 306/352/715 305/351/715 781/841/715 782/840/715
f 109/100/650 108/99/650 575/589/650 576/588/650
f 307/77/716 306/352/716 782/840/716 783/567/716
f 110/115/717 109/100/717 576/588/717 577/605/717
f 308/82/645 319/81/645 795/571/645 784/574/645
f 111/116/718 110/115/718 577/605/718 578/604/718
f 309/407/719 308/82/719 784/574/719 785/897/719
f 112/139/720 111/116/720 578/604/720 579/629/720
f 310/408/721 309/407/721 785/897/721 786/896/721
f 113/140/722 112/139/722 579/629/722 580/628/722
f 311/413/723 310/408/723 786/896/723 787/903/723
f 114/237/724 113/140/724 580/628/724 581/727/724
f 312/414/725 311/413/725 787/903/725 788/906/725
f 115/238/477 114/237/477 581/727/477 582/730/477
f 313/203/726 312/414/726 788/906/726 789/693/726
f 116/213/727 115/238/727 582/730/727 583/703/727
f 314/204/712 313/203/712 789/693/712 790/692/712
f 117/182/728 126/181/728 593/671/728 584/674/728
f 315/361/729 314/204/729 790/692/729 791/851/729
f 118/67/730 117/182/730 584/674/730 585/557/730
f 316/362/731 315/361/731 791/851/731 792/854/731
f 119/68/698 118/67/698 585/557/698 586/556/698
f 317/357/732 316/362/732 792/854/732 793/847/732
f 120/119/733 119/68/733 586/556/733 587/609/733
f 318/358/734 317/357/734 793/847/734 794/850/734
f 121/120/735 120/119/735 587/609/735 588/608/735
f 319/81/736 318/358/736 794/850/736 795/571/736
f 122/245/737 121/120/737 588/608/737 589/735/737
f 320/86/663 331/85/663 807/575/663 796/578/663
f 123/246/453 122/245/453 589/735/453 590/738/453
f 321/397/738 320/86/738 796/578/738 797/887/738
f 124/221/739 123/246/739 590/738/739 591/711/739
f 322/398/740 321/397/740 797/887/740 798/890/740
f 125/222/540 124/221/540 591/711/540 592/714/540
f 323/393/741 322/398/741 798/890/741 799/883/741
f 126/181/742 125/222/742 592/714/742 593/671/742
f 324/394/743 323/393/743 799/883/743 800/886/743
f 127/128/441 136/127/441 603/617/441 594/616/441
f 325/207/744 324/394/744 800/886/744 801/697/744
f 128/257/745 127/128/745 594/616/745 595/747/745
f 326/208/547 325/207/547 801/697/547 802/696/547
f 129/258/746 128/257/746 595/747/746 596/750/746
f 327/343/747 326/208/747 802/696/747 803/833/747
f 130/253/748 129/258/748 596/750/748 597/743/748
f 328/344/749 327/343/749 803/833/749 804/832/749
f 131/254/750 130/253/750 597/743/750 598/746/750
f 329/339/751 328/344/751 804/832/751 805/829/751
f 132/249/752 131/254/752 598/746/752 599/739/752
f 330/340/753 329/339/753 805/829/753 806/828/753
f 133/250/429 132/249/429 599/739/429 600/742/429
f 331/85/754 330/340/754 806/828/754 807/575/754
f 134/241/755 133/250/755 600/742/755 601/731/755
f 332/90/541 343/89/541 819/579/541 808/582/541
f 135/242/756 134/241/756 601/731/756 602/734/756
f 333/395/757 332/90/757 808/582/757 809/885/757
f 136/127/758 135/242/758 602/734/758 603/617/758
f 334/396/759 333/395/759 809/885/759 810/884/759
f 137/22/760 148/21/760 615/511/760 604/514/760
f 335/401/761 334/396/761 810/884/761 811/891/761
f 138/489/762 137/22/762 604/514/762 605/983/762
f 336/402/763 335/401/763 811/891/763 812/894/763
f 139/490/764 138/489/764 605/983/764 606/986/764
f 337/211/765 336/504/765 812/998/765 813/701/765
f 140/485/766 139/490/766 606/986/766 607/979/766
f 338/212/728 337/211/728 813/701/728 814/700/728
f 141/486/767 140/485/767 607/979/767 608/982/767
f 339/349/768 338/212/768 814/700/768 815/839/768
f 142/143/769 141/486/769 608/982/769 609/633/769
f 340/350/770 339/349/770 815/839/770 816/842/770
f 143/144/722 142/143/722 609/633/722 610/632/722
f 341/345/771 340/350/771 816/842/771 817/835/771
f 144/473/772 143/144/772 610/632/772 611/965/772
f 342/346/773 341/345/773 817/835/773 818/838/773
f 145/474/774 144/473/774 611/965/774 612/964/774
f 343/505/775 342/346/775 818/838/775 819/999/775
f 146/469/776 145/474/776 612/964/776 613/961/776
f 344/94/682 355/93/682 831/583/682 820/586/682
f 147/470/777 146/469/777 613/961/777 614/960/777
f 345/385/778 344/94/778 820/586/778 821/875/778
f 148/21/779 147/470/779 614/960/779 615/511/779
f 346/386/780 345/385/780 821/875/780 822/878/780
f 149/26/706 160/25/706 627/515/706 616/518/706
f 347/381/781 346/386/781 822/878/781 823/871/781
f 150/495/782 149/26/782 616/518/782 617/989/782
f 348/382/783 347/381/783 823/871/783 824/874/783
f 151/496/784 150/495/784 617/989/784 618/988/784
f 349/215/785 348/382/785 824/874/785 825/705/785
f 152/491/786 151/496/786 618/988/786 619/985/786
f 350/216/569 349/215/569 825/705/569 826/704/569
f 153/492/787 152/491/787 619/985/787 620/984/787
f 351/331/788 350/216/788 826/704/788 827/821/788
f 154/499/789 153/492/789 620/984/789 621/994/789
f 352/332/790 351/331/790 827/821/790 828/820/790
f 155/148/750 154/147/750 621/637/750 622/636/750
f 353/327/791 352/332/791 828/820/791 829/817/791
f 156/483/792 155/148/792 622/636/792 623/977/792
f 354/328/793 353/327/793 829/817/793 830/816/793
f 157/484/794 156/483/794 623/977/794 624/976/794
f 355/93/795 354/328/795 830/816/795 831/583/795
f 158/480/796 157/484/796 624/976/796 625/973/796
f 356/98/563 367/97/563 843/587/563 832/590/563
f 159/481/797 158/480/797 625/973/797 626/972/797
f 357/383/798 356/98/798 832/590/798 833/873/798
f 160/25/799 159/481/799 626/972/799 627/515/799
f 358/384/800 357/383/800 833/873/800 834/872/800
f 161/30/718 170/29/718 639/519/718 628/522/718
f 359/389/801 358/384/801 834/872/801 835/879/801
f 162/487/802 161/30/802 628/522/802 629/981/802
f 360/390/803 359/389/803 835/879/803 836/882/803
f 163/488/804 162/487/804 629/981/804 630/980/804
f 361/219/805 360/390/805 836/882/805 837/709/805
f 164/493/806 163/488/806 630/980/806 631/987/806
f 362/220/657 361/219/657 837/709/657 838/708/657
f 165/494/807 164/493/807 631/987/807 632/990/807
f 939/619/8 938/786/8 937/783/8 936/776/8 935/777/8 934/740/8 933/741/8 932/790/8 931/787/8 930/794/8 929/791/8 928/622/8
f 452/1013/5 996/1014/5 964/129/5 965/130/5
f 453/1015/808 452/1013/808 965/130/808 966/301/808
f 454/1016/809 453/1015/809 966/301/809 967/302/809
f 455/1017/5 454/1016/5 967/302/5 968/297/5
f 456/1018/810 455/1017/810 968/297/810 969/298/810
f 993/1019/811 456/1018/811 969/298/811 970/251/811
f 994/1020/5 993/1019/5 970/251/5 971/252/5
f 995/1021/812 994/1020/812 971/252/812 972/287/812
f 457/1022/813 995/1021/813 972/287/813 973/288/813
f 458/1023/5 457/1022/5 973/288/5 974/293/5
f 459/1024/814 458/1023/814 974/293/814 975/294/814
f 996/1014/815 459/1024/815 975/294/815 964/129/815
f 191/37/816 190/441/816 986/1012/816 976/1006/816
f 190/441/817 3/13/817 16/16/817 986/1012/817
f 189/14/818 188/444/818 984/1011/818 985/15/818
f 188/444/819 187/160/819 983/1010/819 984/1011/819
f 187/160/429 186/159/429 982/1009/429 983/1010/429
f 186/159/820 185/482/820 981/1008/820 982/1009/820
f 185/482/821 2/17/821 980/20/821 981/1008/821
f 1/18/822 184/477/822 978/1007/822 979/19/822
f 184/477/823 183/38/823 977/1005/823 978/1007/823
f 183/38/418 191/37/418 976/1006/418 977/1005/418
f 987/428/378 988/423/378 989/422/378 990/417/378 991/420/378 992/425/378
f 993/1019/824 994/1020/824 1003/1025/824 1002/1026/824
f 1007/1027/5 1008/1028/5 997/1029/5 998/1030/5 999/1031/5 1000/1032/5 1001/1033/5 1002/1026/5 1003/1025/5 1004/1034/5 1005/1035/5 1006/1036/5
f 454/1016/6 455/1017/6 1000/1032/6 999/1031/6
f 458/1023/825 459/1024/825 1007/1027/825 1006/1036/825
f 996/1014/826 452/1013/826 997/1029/826 1008/1028/826
f 994/1020/827 995/1021/827 1004/1034/827 1003/1025/827
f 455/1017/828 456/1018/828 1001/1033/828 1000/1032/828
f 459/1024/829 996/1014/829 1008/1028/829 1007/1027/829
f 452/1013/830 453/1015/830 998/1030/830 997/1029/830
f 995/1021/831 457/1022/831 1005/1035/831 1004/1034/831
f 456/1018/832 993/1019/832 1002/1026/832 1001/1033/832
f 453/1015/833 454/1016/833 999/1031/833 998/1030/833
f 457/1022/2 458/1023/2 1006/1036/2 1005/1035/2
f 1010/1037/834 1008/1028/834 997/1029/834 1009/1038/834
f 1014/1039/835 999/1031/835 1000/1032/835
f 1010/1037/836 1007/1027/836 1008/1028/836
f 1011/1040/837 1005/1035/837 1006/1036/837
f 1012/1041/838 1003/1025/838 1004/1034/838
f 1013/1042/839 1001/1033/839 1002/1026/839
f 1009/1038/840 997/1029/840 998/1030/840
f 1011/1040/841 1006/1036/841 1007/1027/841 1010/1037/841
f 1012/1041/842 1004/1034/842 1005/1035/842 1011/1040/842
f 1013/1042/843 1002/1026/843 1003/1025/843 1012/1041/843
f 1014/1039/844 1000/1032/844 1001/1033/844 1013/1042/844
f 1009/1038/845 998/1030/845 999/1031/845 1014/1039/845
f 1014/1039/846 1020/1043/846 1015/1044/846 1009/1038/846
f 1013/1042/828 1019/1045/828 1020/1043/828 1014/1039/828
f 1012/1041/847 1018/1046/847 1019/1045/847 1013/1042/847
f 1011/1040/848 1017/1047/848 1018/1046/848 1012/1041/848
f 1010/1037/825 1016/1048/825 1017/1047/825 1011/1040/825
f 1009/1038/849 1015/1044/849 1016/1048/849 1010/1037/849
f 1024/1049/850 1022/1050/850 1021/1051/850 1023/1052/850
f 1026/1053/851 1024/1049/851 1023/1052/851 1025/1054/851
f 1028/1055/852 1026/1053/852 1025/1054/852 1027/1056/852
f 1027/1056/853 1021/1051/853 1022/1050/853 1028/1055/853
f 1027/1056/848 1025/1054/848 1031/1057/848 1032/1058/848
f 1019/1045/854 1028/1055/854 1022/1050/854 1020/1043/854
f 1015/1044/855 1022/1050/855 1024/1049/855 1016/1048/855
f 1015/1044/846 1020/1043/846 1022/1050/846
f 1016/1048/825 1024/1049/825 1026/1053/825 1017/1047/825
f 1017/1047/856 1026/1053/856 1028/1055/856 1018/1046/856
f 1019/1045/847 1018/1046/847 1028/1055/847
f 1030/1059/857 1029/1060/857 1032/1058/857 1031/1057/857
f 1023/1052/849 1021/1051/849 1029/1060/849 1030/1059/849
f 1021/1051/858 1027/1056/858 1032/1058/858 1029/1060/858
f 1025/1054/825 1023/1052/825 1030/1059/825 1031/1057/825
